protein,layer,mutation,position,dms_score,esm_score,wt_marginal_score,n_features_tested,mean_abs_score_change,max_abs_score_change,mean_abs_feature_delta,max_abs_feature_delta
DNJA1_HUMAN,8,A13K,13,-3.901725720526471,-8.066121101379395,-1.454826593399048,5,0.42958765029907225,1.367656946182251,5.038757848739624,7.020872592926025
DNJA1_HUMAN,8,A13R,13,-3.9507449289284167,-8.67731761932373,0.2565569877624511,5,0.3564890384674072,1.5652549266815186,4.449963045120239,8.58560562133789
DNJA1_HUMAN,8,A21D,21,-4.038955021664702,-7.005090713500977,-3.4854562282562256,5,1.2229800701141358,4.960935354232788,4.119109010696411,7.832952499389648
DNJA1_HUMAN,8,A26P,26,-4.599062016744613,-8.827592849731445,-1.1974648237228394,5,1.326235580444336,5.002043128013611,4.041098427772522,5.772698402404785
DNJA1_HUMAN,8,A47D,47,-3.81912634777596,-10.75834846496582,-1.0742689371109009,5,1.7604331731796266,3.4561036825180054,4.43384690284729,8.866954803466797
DNJA1_HUMAN,8,A47P,47,-4.71712195126066,-9.674687385559082,-1.2302290201187134,5,1.2294815301895141,2.2920727729797363,4.656011486053467,5.900848865509033
DNJA1_HUMAN,8,A47R,47,-4.204514916268148,-10.311090469360352,-2.4253740310668945,5,2.10373969078064,3.3919119834899902,4.47504997253418,8.429181098937988
DNJA1_HUMAN,8,E17P,17,-4.142436653635782,-9.107988357543944,2.746251106262207,5,1.2384439706802368,1.947452425956726,5.750627517700195,7.378006935119629
DNJA1_HUMAN,8,G8P,8,-3.98229038230223,-9.427294731140137,-1.5150123834609983,5,0.9272867441177368,1.731087327003479,5.13400354385376,6.992203235626221
DNJA1_HUMAN,8,I44D,44,-4.304037737728502,-11.387578010559082,2.459104061126709,5,0.5517046928405762,1.345353603363037,5.567456531524658,10.660557746887209
DNJA1_HUMAN,8,L18D,18,-4.065919648279514,-9.686927795410156,-4.882659912109375,5,1.9404627799987793,7.089336395263672,5.454254150390625,9.603472709655762
DNJA1_HUMAN,8,L18E,18,-4.372122556920658,-8.562311172485352,-3.6130995750427246,5,1.664160680770874,5.804533958435059,5.249135446548463,9.76112461090088
DNJA1_HUMAN,8,L18G,18,-4.843311592977646,-8.957338333129883,-2.5161843299865723,5,1.03818736076355,4.827835321426392,5.144850063323974,9.223559379577637
DNJA1_HUMAN,8,L18H,18,-4.399611785442827,-8.8307523727417,-7.88141918182373,5,2.0519172668457033,6.8337907791137695,5.0643510818481445,9.1054105758667
DNJA1_HUMAN,8,L18K,18,-3.89947762755694,-8.364311218261719,-5.585606098175049,5,2.6816576957702636,6.195425987243652,5.4881409168243405,9.814634323120115
DNJA1_HUMAN,8,L18P,18,-4.649502346447647,-10.383934020996094,-3.843315601348877,5,1.713070774078369,6.268324136734009,4.79406704902649,8.041692733764648
DNJA1_HUMAN,8,L18R,18,-3.872811114300276,-7.725992202758789,-2.6729087829589844,5,1.5099467277526855,4.175936222076416,4.608344554901123,8.113476753234863
DNJA1_HUMAN,8,L18S,18,-4.596925164851648,-7.015473365783691,-4.559937477111816,5,0.9918831825256348,4.814706802368164,5.001763248443604,8.497499465942383
DNJA1_HUMAN,8,L25D,25,-3.774725862851923,-8.336262702941895,0.7982349395751953,5,0.5111442089080811,1.3208060264587402,5.118285894393921,9.460779190063477
DNJA1_HUMAN,8,L25P,25,-4.638889030067548,-8.496797561645508,-0.4053549766540527,5,1.057450246810913,3.710272789001465,4.79003324508667,7.980082035064697
DNJA1_HUMAN,8,L51D,51,-3.903223066731199,-14.835204124450684,-3.2061424255371094,5,2.3501056909561155,6.2338738441467285,6.201215648651123,11.140172958374023
DNJA1_HUMAN,8,L51G,51,-3.731435513840432,-10.615732192993164,-2.6767377853393555,5,1.595877456665039,4.03773832321167,5.888974380493165,10.239161491394045
DNJA1_HUMAN,8,L51H,51,-3.9653098628225294,-10.049043655395508,-5.640552520751953,5,1.6603017330169678,4.343087196350098,5.508635425567627,9.29835319519043
DNJA1_HUMAN,8,L51N,51,-4.189204321708511,-10.584440231323242,-9.43844985961914,5,4.2432934761047365,11.439560890197754,5.632618522644043,9.849688529968262
DNJA1_HUMAN,8,L51P,51,-4.002678369366781,-9.662925720214844,-1.6140424013137815,5,1.0786602020263671,3.9130359888076782,5.3893224716186525,8.77581787109375
DNJA1_HUMAN,8,L51Q,51,-3.885976639110604,-10.534661293029783,-3.873946189880371,5,1.9497739791870117,5.832748889923096,5.084827136993408,9.202645301818848
DNJA1_HUMAN,8,L51R,51,-4.770906946637485,-11.289458274841309,-1.4799344539642334,5,0.8743425369262695,2.247222185134888,5.051456069946289,8.670862197875977
DNJA1_HUMAN,8,L51S,51,-3.938688864417362,-10.08715534210205,-3.19237756729126,5,1.3478320598602296,3.374520778656006,5.207187271118164,8.932573318481445
DNJA1_HUMAN,8,L51W,51,-4.6588201549604245,-11.431665420532228,-6.759868144989014,5,2.0172800064086913,5.759319305419922,5.499557781219482,9.039661407470703
DNJA1_HUMAN,8,L51Y,51,-4.180349910713233,-10.966032028198242,-8.647273063659668,5,1.8726336479187011,7.989710330963135,5.045765018463134,8.728757858276367
DNJA1_HUMAN,8,L7A,7,-4.022538112610452,-8.457643508911133,-1.478069305419922,5,0.23087458610534667,0.8164889812469482,4.198162841796875,8.001201629638672
DNJA1_HUMAN,8,L7D,7,-4.8071543618456,-12.174243927001951,1.174664855003357,5,0.3614819049835205,0.9225281476974488,5.810656881332397,11.227344512939451
DNJA1_HUMAN,8,L7H,7,-4.269006971543911,-9.827917098999023,-2.878479480743408,5,0.07517557144165038,0.3743157386779785,5.13432731628418,8.789899826049805
DNJA1_HUMAN,8,L7K,7,-4.506143840825419,-11.379980087280272,-1.851585865020752,5,0.9130699634552002,1.7626104354858398,5.629485702514648,9.268393516540527
DNJA1_HUMAN,8,L7N,7,-3.7670065584301766,-10.99269199371338,-0.278083324432373,5,0.9984017848968506,2.9583487510681152,5.7040270328521725,9.37624454498291
DNJA1_HUMAN,8,L7P,7,-4.759484676202272,-8.276666641235352,0.0009102821350097,5,0.5749245405197143,1.680693745613098,5.404005718231201,8.538599014282227
DNJA1_HUMAN,8,L7Q,7,-4.162897475443533,-10.450714111328123,0.1660118103027343,5,0.8427850723266601,3.538413047790528,4.61586561203003,7.996310710906982
DNJA1_HUMAN,8,L7S,7,-4.771796178862361,-9.741025924682615,-1.2101821899414062,5,0.2578617572784424,1.073676586151123,5.255818700790405,9.16294765472412
DNJA1_HUMAN,8,L7T,7,-4.491438721774577,-9.218363761901855,0.7214328050613403,5,1.2145761966705322,3.526774287223816,5.6812070369720455,10.013504981994627
DNJA1_HUMAN,8,L7Y,7,-3.9580486269472783,-8.370793342590332,-3.5125136375427246,5,0.2557685375213623,0.825927734375,4.741110992431641,8.488357543945312
DNJA1_HUMAN,8,V6P,6,-4.561967601569696,-8.107582092285156,1.779829978942871,5,0.3716398239135742,1.2379751205444336,5.885509204864502,7.639166831970215
DNJA1_HUMAN,8,V9D,9,-4.867116219570463,-9.214702606201172,2.2088189125061035,5,0.3353861331939697,1.2009611129760742,5.2666693210601805,9.398076057434082
DNJA1_HUMAN,8,V9F,9,-4.856363840032164,-6.049625396728516,-1.829349994659424,5,0.4354200839996338,1.8851330280303955,4.233608913421631,6.762004852294922
DNJA1_HUMAN,8,V9G,9,-4.452787404265631,-7.254424095153809,2.9164042472839355,5,0.390233039855957,1.613270282745361,5.301931858062744,9.03079319000244
DNJA1_HUMAN,8,Y22E,22,-3.71780859932121,-10.831062316894531,-0.297708511352539,5,1.0864298343658447,2.931478261947632,3.3450196743011475,5.2301177978515625
DNJA1_HUMAN,8,Y22G,22,-3.730036795720024,-9.217302322387695,0.2522344589233398,5,0.8620657920837402,2.496599674224853,3.1204584360122682,5.37419319152832
DNJA1_HUMAN,8,Y22N,22,-3.7585394570047104,-8.046326637268066,-1.1995058059692385,5,0.8496102333068848,4.055716037750244,3.1093677997589113,5.155921936035156
DNJA1_HUMAN,8,Y22S,22,-3.908818101690093,-8.118036270141602,-0.0182533264160156,5,0.5398015975952148,2.45707368850708,2.9367972135543825,4.763632774353027
DNJA1_HUMAN,8,Y4D,4,-3.698559237651298,-8.01793098449707,3.5157952308654785,5,0.14902625083923338,0.7242465019226074,5.869158744812012,10.587992668151855
DNJA1_HUMAN,8,Y4G,4,-3.741364160718053,-9.908101081848145,2.2521743774414062,5,0.38628182411193845,1.8652000427246092,5.539643716812134,9.002019882202148
DNJA1_HUMAN,12,A13K,13,-3.901725720526471,-8.066121101379395,-3.2707653045654297,5,1.738103485107422,4.453890323638916,3.1118117332458497,4.971656322479248
DNJA1_HUMAN,12,A13R,13,-3.9507449289284167,-8.67731761932373,-2.907863140106201,5,1.2821377277374268,4.184922218322754,3.439324474334717,4.986411094665527
DNJA1_HUMAN,12,A21D,21,-4.038955021664702,-7.005090713500977,-5.910484313964844,5,2.203854131698608,7.474920511245727,3.948659563064575,6.554594993591309
DNJA1_HUMAN,12,A26P,26,-4.599062016744613,-8.827592849731445,-6.9538350105285645,5,1.4917173862457276,5.388585805892944,3.264253044128418,5.064912796020508
DNJA1_HUMAN,12,A47D,47,-3.81912634777596,-10.75834846496582,-7.65236234664917,5,1.78364839553833,7.777499675750732,3.700248956680298,6.391283988952637
DNJA1_HUMAN,12,A47P,47,-4.71712195126066,-9.674687385559082,-6.633142471313477,5,1.3093628883361819,5.863749504089356,2.9808184623718263,5.159929275512695
DNJA1_HUMAN,12,A47R,47,-4.204514916268148,-10.311090469360352,-7.367336750030518,5,1.8272138118743897,7.07183575630188,3.988466215133667,5.302107810974121
DNJA1_HUMAN,12,E17P,17,-4.142436653635782,-9.107988357543944,-0.8728914260864258,5,0.19944591522216798,0.5540103912353516,2.4910276174545287,4.142731666564941
DNJA1_HUMAN,12,G8P,8,-3.98229038230223,-9.427294731140137,-1.898808240890503,5,1.2492054939270019,2.350425958633423,3.275062346458435,5.319128513336182
DNJA1_HUMAN,12,I44D,44,-4.304037737728502,-11.387578010559082,-4.063093662261963,5,2.66731653213501,8.429713726043701,3.9098206520080567,7.203703880310059
DNJA1_HUMAN,12,L18D,18,-4.065919648279514,-9.686927795410156,-10.341209411621094,5,2.8029817581176757,6.50670337677002,3.479476237297058,6.831077098846436
DNJA1_HUMAN,12,L18E,18,-4.372122556920658,-8.562311172485352,-9.106156349182127,5,3.839193248748779,7.737723350524902,4.162132358551025,7.062763690948486
DNJA1_HUMAN,12,L18G,18,-4.843311592977646,-8.957338333129883,-9.936692237854004,5,3.704105043411255,6.731115102767944,3.6827720642089843,7.109461307525635
DNJA1_HUMAN,12,L18H,18,-4.399611785442827,-8.8307523727417,-9.529067993164062,5,2.5502264976501463,6.993710994720459,3.431486988067627,6.131589889526367
DNJA1_HUMAN,12,L18K,18,-3.89947762755694,-8.364311218261719,-10.061498641967772,5,5.00837287902832,9.025634765625,4.547398328781128,8.116308212280273
DNJA1_HUMAN,12,L18P,18,-4.649502346447647,-10.383934020996094,-6.969403266906738,5,2.2735119819641114,6.534620761871338,2.782767081260681,5.698658466339111
DNJA1_HUMAN,12,L18R,18,-3.872811114300276,-7.725992202758789,-8.150228500366211,5,3.0541024684906004,6.611748695373535,4.065305614471436,6.330682277679443
DNJA1_HUMAN,12,L18S,18,-4.596925164851648,-7.015473365783691,-8.511484146118164,5,2.7075562953948973,6.278622627258301,3.7943860054016114,6.607796669006348
DNJA1_HUMAN,12,L25D,25,-3.774725862851923,-8.336262702941895,-9.042393684387209,5,3.480492925643921,5.890753269195557,4.420294141769409,8.134849548339844
DNJA1_HUMAN,12,L25P,25,-4.638889030067548,-8.496797561645508,-5.404912948608398,5,2.537185859680176,5.276744365692139,4.010776710510254,7.582333564758301
DNJA1_HUMAN,12,L51D,51,-3.903223066731199,-14.835204124450684,-5.079386234283447,5,1.9519468784332275,4.582519769668579,4.273739242553711,8.192277908325195
DNJA1_HUMAN,12,L51G,51,-3.731435513840432,-10.615732192993164,-4.148618698120117,5,2.053063988685608,4.545928955078125,4.198619556427002,7.934356689453125
DNJA1_HUMAN,12,L51H,51,-3.9653098628225294,-10.049043655395508,-5.406570911407471,5,1.4187447786331175,3.8290716409683223,4.06888780593872,7.218596458435059
DNJA1_HUMAN,12,L51N,51,-4.189204321708511,-10.584440231323242,-6.408592700958252,5,2.0662933588027954,4.5219279527664185,4.576321935653686,8.565993309020996
DNJA1_HUMAN,12,L51P,51,-4.002678369366781,-9.662925720214844,-3.2215518951416016,5,1.4928465127944945,4.148253321647644,3.5521633625030518,6.802274703979492
DNJA1_HUMAN,12,L51Q,51,-3.885976639110604,-10.534661293029783,-3.333718776702881,5,1.556137752532959,3.5248727798461914,3.697542095184326,6.646881103515625
DNJA1_HUMAN,12,L51R,51,-4.770906946637485,-11.289458274841309,-2.302773952484131,5,1.3304388284683228,3.543566584587097,4.342047166824341,6.66325569152832
DNJA1_HUMAN,12,L51S,51,-3.938688864417362,-10.08715534210205,-4.420620918273926,5,1.9472168922424316,4.71319055557251,4.065059995651245,7.200710296630859
DNJA1_HUMAN,12,L51W,51,-4.6588201549604245,-11.431665420532228,-7.035105705261231,5,2.023129177093506,4.878056526184082,4.520616292953491,7.401179313659668
DNJA1_HUMAN,12,L51Y,51,-4.180349910713233,-10.966032028198242,-9.075897216796877,5,1.9832029342651367,4.821447849273682,4.568109941482544,7.387629508972168
DNJA1_HUMAN,12,L7A,7,-4.022538112610452,-8.457643508911133,-6.436440467834473,5,2.549961566925049,7.292466163635254,4.449074935913086,6.336651802062988
DNJA1_HUMAN,12,L7D,7,-4.8071543618456,-12.174243927001951,-5.046377182006836,5,1.9186480522155762,5.054250717163086,4.140965700149536,7.592616558074951
DNJA1_HUMAN,12,L7H,7,-4.269006971543911,-9.827917098999023,-5.309497833251953,5,1.890745258331299,4.533946514129639,3.9627511262893678,7.143078327178955
DNJA1_HUMAN,12,L7K,7,-4.506143840825419,-11.379980087280272,-6.300140380859375,5,2.6702651023864745,5.631065845489502,4.55221996307373,7.767611503601074
DNJA1_HUMAN,12,L7N,7,-3.7670065584301766,-10.99269199371338,-6.848284721374512,5,2.4068876266479493,5.282412528991699,4.545661497116089,8.084877014160156
DNJA1_HUMAN,12,L7P,7,-4.759484676202272,-8.276666641235352,-3.1623456478118896,5,1.7018386602401734,4.341855406761169,3.7538636207580565,6.946495056152344
DNJA1_HUMAN,12,L7Q,7,-4.162897475443533,-10.450714111328123,-1.2682394981384275,5,1.2027853846549987,3.5030574798583984,3.5257594347000123,6.236330986022949
DNJA1_HUMAN,12,L7S,7,-4.771796178862361,-9.741025924682615,-5.046206474304199,5,2.2327616691589354,4.090568065643311,4.012604808807373,6.457588195800781
DNJA1_HUMAN,12,L7T,7,-4.491438721774577,-9.218363761901855,-6.30943775177002,5,1.8247313499450684,4.007952690124512,4.698867321014404,7.938121795654297
DNJA1_HUMAN,12,L7Y,7,-3.9580486269472783,-8.370793342590332,-8.759811401367188,5,2.470639133453369,4.686393737792969,4.703363561630249,7.647198677062988
DNJA1_HUMAN,12,V6P,6,-4.561967601569696,-8.107582092285156,-3.8243024349212646,5,1.5583463668823243,5.473208904266357,3.082733702659607,5.926796436309815
DNJA1_HUMAN,12,V9D,9,-4.867116219570463,-9.214702606201172,-0.6402454376220703,5,0.31134581565856934,1.094217300415039,4.081230640411377,6.882413387298584
DNJA1_HUMAN,12,V9F,9,-4.856363840032164,-6.049625396728516,-2.464818239212036,5,0.12949190139770508,0.4515879154205322,3.422839117050171,6.173407554626465
DNJA1_HUMAN,12,V9G,9,-4.452787404265631,-7.254424095153809,0.5666663646697998,5,0.1953660726547241,0.4951614141464233,3.78582558631897,6.341578960418701
DNJA1_HUMAN,12,Y22E,22,-3.71780859932121,-10.831062316894531,-3.202570915222168,5,0.726643180847168,3.63321590423584,1.6779635667800903,2.7570481300354004
DNJA1_HUMAN,12,Y22G,22,-3.730036795720024,-9.217302322387695,1.087554693222046,5,0.5053955078125,2.5269775390625,1.6600861549377441,2.8329014778137207
DNJA1_HUMAN,12,Y22N,22,-3.7585394570047104,-8.046326637268066,-1.163877010345459,5,0.22891855239868164,1.073361873626709,1.5635233283042909,2.5759541988372803
DNJA1_HUMAN,12,Y22S,22,-3.908818101690093,-8.118036270141602,0.6294903755187988,5,1.5982271671295165,5.463329792022705,1.789985227584839,3.1372270584106445
DNJA1_HUMAN,12,Y4D,4,-3.698559237651298,-8.01793098449707,3.6870875358581534,5,0.6748580932617188,2.705493450164795,4.136532926559449,7.210329055786133
DNJA1_HUMAN,12,Y4G,4,-3.741364160718053,-9.908101081848145,2.142618179321289,5,0.6603527545928956,2.9046287536621094,3.8544238567352296,6.239983081817627
DNJA1_HUMAN,16,A13K,13,-3.901725720526471,-8.066121101379395,-12.20908260345459,5,3.29240026473999,12.125909328460692,3.8771530389785767,6.903513908386231
DNJA1_HUMAN,16,A13R,13,-3.9507449289284167,-8.67731761932373,-5.743668556213379,5,1.7757880687713623,6.283189296722412,3.694028615951538,6.628316402435303
DNJA1_HUMAN,16,A21D,21,-4.038955021664702,-7.005090713500977,-6.246713638305664,5,1.8003607511520385,7.921184420585632,4.4974230289459225,7.09504508972168
DNJA1_HUMAN,16,A26P,26,-4.599062016744613,-8.827592849731445,-6.830265522003174,5,1.871034526824951,7.029779434204102,3.5878389835357667,6.1070990562438965
DNJA1_HUMAN,16,A47D,47,-3.81912634777596,-10.75834846496582,-4.388603687286377,5,1.114761471748352,5.514293789863586,4.04175705909729,6.65929126739502
DNJA1_HUMAN,16,A47P,47,-4.71712195126066,-9.674687385559082,-4.867920398712158,5,0.9802366256713867,4.096343994140625,3.312459707260132,6.689760208129883
DNJA1_HUMAN,16,A47R,47,-4.204514916268148,-10.311090469360352,-4.961071491241455,5,1.5542598724365235,5.326087474822998,4.345199346542358,7.52869987487793
DNJA1_HUMAN,16,E17P,17,-4.142436653635782,-9.107988357543944,-1.4036849737167358,5,1.470804500579834,5.93501079082489,3.152119016647339,5.882247924804688
DNJA1_HUMAN,16,G8P,8,-3.98229038230223,-9.427294731140137,-2.8823578357696533,5,0.9894114971160889,3.2475661039352417,2.905597710609436,5.320391178131104
DNJA1_HUMAN,16,I44D,44,-4.304037737728502,-11.387578010559082,-1.433112859725952,5,1.9706537246704101,5.565768480300903,3.6692682266235352,6.379651546478272
DNJA1_HUMAN,16,L18D,18,-4.065919648279514,-9.686927795410156,-13.450800895690918,5,3.6237215042114257,14.517888069152832,3.522457313537598,6.1622843742370605
DNJA1_HUMAN,16,L18E,18,-4.372122556920658,-8.562311172485352,-13.021648406982422,5,3.507582902908325,12.39897084236145,4.353549432754517,6.683138370513916
DNJA1_HUMAN,16,L18G,18,-4.843311592977646,-8.957338333129883,-13.12558364868164,5,3.162171411514282,11.705251932144163,3.8554874420166017,7.068663597106934
DNJA1_HUMAN,16,L18H,18,-4.399611785442827,-8.8307523727417,-11.437528610229492,5,2.1461105823516844,9.73607850074768,3.388710784912109,6.030745506286621
DNJA1_HUMAN,16,L18K,18,-3.89947762755694,-8.364311218261719,-10.94585418701172,5,4.1981220722198485,9.359595537185667,5.671650171279907,8.383654594421387
DNJA1_HUMAN,16,L18P,18,-4.649502346447647,-10.383934020996094,-9.319072723388672,5,1.9325883388519287,8.918282270431519,2.8170087337493896,5.562267303466797
DNJA1_HUMAN,16,L18R,18,-3.872811114300276,-7.725992202758789,-8.904314994812012,5,2.8928778171539307,8.323604345321655,4.404860782623291,6.801538944244385
DNJA1_HUMAN,16,L18S,18,-4.596925164851648,-7.015473365783691,-9.619254112243652,5,2.384389114379883,9.356021881103516,4.096220970153809,7.066826820373535
DNJA1_HUMAN,16,L25D,25,-3.774725862851923,-8.336262702941895,-11.224872589111328,5,5.123571968078613,14.83245086669922,4.387774896621704,7.0122575759887695
DNJA1_HUMAN,16,L25P,25,-4.638889030067548,-8.496797561645508,-8.48350715637207,5,2.833650493621826,9.50192928314209,3.5780302047729493,6.838717460632324
DNJA1_HUMAN,16,L51D,51,-3.903223066731199,-14.835204124450684,-11.760961532592772,5,3.31618070602417,9.739745616912842,3.9943963050842286,6.775295257568359
DNJA1_HUMAN,16,L51G,51,-3.731435513840432,-10.615732192993164,-11.451675415039062,5,3.079840564727783,10.19187879562378,4.223387384414673,7.484835147857666
DNJA1_HUMAN,16,L51H,51,-3.9653098628225294,-10.049043655395508,-10.458706855773926,5,3.3114010810852053,11.167864799499512,4.012280130386353,6.725981712341309
DNJA1_HUMAN,16,L51N,51,-4.189204321708511,-10.584440231323242,-11.560744285583496,5,4.489854383468628,11.500587224960327,4.901576948165894,8.060125350952148
DNJA1_HUMAN,16,L51P,51,-4.002678369366781,-9.662925720214844,-8.622812271118164,5,2.416337585449219,9.235746383666992,2.9883255481719972,5.871182441711426
DNJA1_HUMAN,16,L51Q,51,-3.885976639110604,-10.534661293029783,-6.583930015563965,5,3.6686940670013426,9.236570596694946,3.9059388637542725,6.445233345031738
DNJA1_HUMAN,16,L51R,51,-4.770906946637485,-11.289458274841309,-7.7101311683654785,5,3.157035970687866,7.926594495773315,4.302446460723877,7.071737289428711
DNJA1_HUMAN,16,L51S,51,-3.938688864417362,-10.08715534210205,-9.491660118103027,5,2.6205986022949217,8.78047513961792,4.3638630390167235,7.26391077041626
DNJA1_HUMAN,16,L51W,51,-4.6588201549604245,-11.431665420532228,-11.553033828735352,5,3.9882758140563963,12.58902359008789,4.902756023406982,9.27793025970459
DNJA1_HUMAN,16,L51Y,51,-4.180349910713233,-10.966032028198242,-10.7853364944458,5,4.04774022102356,10.566243886947632,4.695315504074097,7.63206672668457
DNJA1_HUMAN,16,L7A,7,-4.022538112610452,-8.457643508911133,-10.199493408203123,5,5.0296252250671385,11.56358528137207,4.809731531143188,6.88065242767334
DNJA1_HUMAN,16,L7D,7,-4.8071543618456,-12.174243927001951,-11.008965492248535,5,3.450173807144165,11.642861604690552,4.148776197433472,6.491007328033447
DNJA1_HUMAN,16,L7H,7,-4.269006971543911,-9.827917098999023,-10.654012680053713,5,3.433879566192627,11.052430152893066,3.793501114845276,6.630649566650391
DNJA1_HUMAN,16,L7K,7,-4.506143840825419,-11.379980087280272,-9.810093879699709,5,4.343182611465454,10.318846702575684,5.329863023757935,8.665425300598145
DNJA1_HUMAN,16,L7N,7,-3.7670065584301766,-10.99269199371338,-11.796003341674805,5,4.897932147979736,12.633198261260986,4.885102224349976,8.054292678833008
DNJA1_HUMAN,16,L7P,7,-4.759484676202272,-8.276666641235352,-8.567502975463867,5,2.127101516723633,8.99588680267334,3.6354108095169066,6.347795486450195
DNJA1_HUMAN,16,L7Q,7,-4.162897475443533,-10.450714111328123,-7.473468780517578,5,3.680986797809601,10.057145595550535,3.701602053642273,6.039536952972412
DNJA1_HUMAN,16,L7S,7,-4.771796178862361,-9.741025924682615,-9.222594261169434,5,2.951526927947998,8.783686637878418,3.964932584762573,6.558462619781494
DNJA1_HUMAN,16,L7T,7,-4.491438721774577,-9.218363761901855,-11.222003936767578,5,5.169020414352417,12.886685132980348,5.0364141941070555,8.475692749023438
DNJA1_HUMAN,16,L7Y,7,-3.9580486269472783,-8.370793342590332,-10.51230812072754,5,4.412742614746094,9.388936519622805,4.67953519821167,7.692000389099121
DNJA1_HUMAN,16,V6P,6,-4.561967601569696,-8.107582092285156,-10.113101959228516,5,2.9823700904846193,10.01201057434082,4.048010778427124,7.446780204772949
DNJA1_HUMAN,16,V9D,9,-4.867116219570463,-9.214702606201172,-4.999082565307617,5,1.4070739269256591,4.009397506713867,4.109356260299682,7.212600708007812
DNJA1_HUMAN,16,V9F,9,-4.856363840032164,-6.049625396728516,-9.719575881958008,5,2.7245702743530273,8.457545280456543,4.0600823879241945,6.474850177764893
DNJA1_HUMAN,16,V9G,9,-4.452787404265631,-7.254424095153809,-5.910870552062988,5,2.0910288810729982,5.590786457061768,3.593707799911499,6.148646831512451
DNJA1_HUMAN,16,Y22E,22,-3.71780859932121,-10.831062316894531,-0.9948992729187012,5,0.7636981010437012,2.2731332778930664,1.6518110275268554,2.840909957885742
DNJA1_HUMAN,16,Y22G,22,-3.730036795720024,-9.217302322387695,0.345893383026123,5,0.7790918827056885,2.67093825340271,1.7813419580459595,3.0988457202911377
DNJA1_HUMAN,16,Y22N,22,-3.7585394570047104,-8.046326637268066,-0.2047982215881347,5,0.14394683837890626,0.7197341918945312,1.4798839330673217,2.656686305999756
DNJA1_HUMAN,16,Y22S,22,-3.908818101690093,-8.118036270141602,0.0540137290954589,5,0.7491164684295655,1.9347164630889893,2.054774618148804,3.234957218170166
DNJA1_HUMAN,16,Y4D,4,-3.698559237651298,-8.01793098449707,3.594145536422729,5,0.6453915596008301,3.1476876735687256,4.307287883758545,6.8224687576293945
DNJA1_HUMAN,16,Y4G,4,-3.741364160718053,-9.908101081848145,1.8697781562805176,5,1.0712947845458984,4.7915215492248535,3.6723917961120605,6.145915985107422
DNJA1_HUMAN,20,A13K,13,-3.901725720526471,-8.066121101379395,-11.49736499786377,5,3.977525568008423,13.215824842453005,3.5569339752197267,5.88825273513794
DNJA1_HUMAN,20,A13R,13,-3.9507449289284167,-8.67731761932373,-6.627249240875244,5,2.2326838970184326,7.961837768554687,2.940581798553467,5.778473854064941
DNJA1_HUMAN,20,A21D,21,-4.038955021664702,-7.005090713500977,-6.887974739074707,5,1.5309890747070312,7.266886711120605,4.108445501327514,6.294358253479004
DNJA1_HUMAN,20,A26P,26,-4.599062016744613,-8.827592849731445,-3.4111506938934326,5,1.2820203304290771,5.684708833694458,2.557643461227417,5.086177825927734
DNJA1_HUMAN,20,A47D,47,-3.81912634777596,-10.75834846496582,-5.372002601623535,5,1.2390322208404543,5.800637006759644,3.467400074005127,5.515044212341309
DNJA1_HUMAN,20,A47P,47,-4.71712195126066,-9.674687385559082,-4.291382312774658,5,0.9147273063659668,3.9930224418640137,2.5802018642425537,5.397633075714111
DNJA1_HUMAN,20,A47R,47,-4.204514916268148,-10.311090469360352,-6.6679558753967285,5,1.9225276947021483,6.822391986846924,3.4808577060699464,6.540121555328369
DNJA1_HUMAN,20,E17P,17,-4.142436653635782,-9.107988357543944,-0.9359540939331056,5,0.35141806602478026,1.2388465404510498,2.970247173309326,5.314274787902832
DNJA1_HUMAN,20,G8P,8,-3.98229038230223,-9.427294731140137,-0.493330717086792,5,0.6085304737091064,1.9434802532196045,2.5814088344573975,5.156490802764893
DNJA1_HUMAN,20,I44D,44,-4.304037737728502,-11.387578010559082,-7.493244171142578,5,2.44353928565979,8.565513610839844,3.192433786392212,6.3426432609558105
DNJA1_HUMAN,20,L18D,18,-4.065919648279514,-9.686927795410156,-7.235746383666992,5,1.0515441417694091,4.795062780380249,2.7366235733032225,5.583639621734619
DNJA1_HUMAN,20,L18E,18,-4.372122556920658,-8.562311172485352,-7.482973575592041,5,1.8535006046295166,5.651180982589722,3.7246583461761475,6.36859655380249
DNJA1_HUMAN,20,L18G,18,-4.843311592977646,-8.957338333129883,-6.600900650024414,5,1.1722083568572998,3.7803046703338623,3.2002007484436037,6.360349655151367
DNJA1_HUMAN,20,L18H,18,-4.399611785442827,-8.8307523727417,-4.61572265625,5,0.8736293315887451,4.05804181098938,2.59396653175354,5.298158645629883
DNJA1_HUMAN,20,L18K,18,-3.89947762755694,-8.364311218261719,-6.7000932693481445,5,2.4558874368667603,5.524092435836792,5.205217742919922,8.191880226135254
DNJA1_HUMAN,20,L18P,18,-4.649502346447647,-10.383934020996094,-4.427509307861328,5,0.6418079853057862,2.93901801109314,2.331474208831787,5.0780534744262695
DNJA1_HUMAN,20,L18R,18,-3.872811114300276,-7.725992202758789,-5.312206268310547,5,1.4512040615081787,4.068116903305054,3.8041418552398683,6.115704536437988
DNJA1_HUMAN,20,L18S,18,-4.596925164851648,-7.015473365783691,-3.907533645629883,5,2.139371919631958,6.083794593811035,3.4791941404342652,6.549535274505615
DNJA1_HUMAN,20,L25D,25,-3.774725862851923,-8.336262702941895,-8.499804496765137,5,1.8734787940979003,6.534858226776123,3.6293668270111086,6.620639324188232
DNJA1_HUMAN,20,L25P,25,-4.638889030067548,-8.496797561645508,-4.222590446472168,5,1.4790865421295165,5.309197902679443,3.1072502613067625,6.598230838775635
DNJA1_HUMAN,20,L51D,51,-3.903223066731199,-14.835204124450684,-7.644070148468018,5,1.5933084964752198,5.843123197555542,3.1477238178253173,6.2049760818481445
DNJA1_HUMAN,20,L51G,51,-3.731435513840432,-10.615732192993164,-4.430009841918945,5,1.3427679538726807,2.839973211288452,3.7269927501678466,7.195798873901367
DNJA1_HUMAN,20,L51H,51,-3.9653098628225294,-10.049043655395508,-6.03770923614502,5,2.405158281326294,5.803647994995117,3.589545392990112,6.14205265045166
DNJA1_HUMAN,20,L51N,51,-4.189204321708511,-10.584440231323242,-6.681357383728027,5,1.8595088005065918,6.634097099304199,4.180650949478149,7.2355523109436035
DNJA1_HUMAN,20,L51P,51,-4.002678369366781,-9.662925720214844,-4.6703386306762695,5,0.8763978004455566,4.262670993804932,2.353427791595459,5.13918399810791
DNJA1_HUMAN,20,L51Q,51,-3.885976639110604,-10.534661293029783,-5.781847953796387,5,2.149471473693848,6.746492624282837,3.1658151865005495,5.461881637573242
DNJA1_HUMAN,20,L51R,51,-4.770906946637485,-11.289458274841309,-3.572725296020508,5,1.2049144744873046,2.648911237716675,3.490964078903198,5.970598220825195
DNJA1_HUMAN,20,L51S,51,-3.938688864417362,-10.08715534210205,-2.8454370498657227,5,1.7108670234680177,5.4271111488342285,3.8837106704711912,6.926997184753418
DNJA1_HUMAN,20,L51W,51,-4.6588201549604245,-11.431665420532228,-4.182175636291504,5,2.2679535865783693,5.486654043197632,4.108349061012268,7.7140374183654785
DNJA1_HUMAN,20,L51Y,51,-4.180349910713233,-10.966032028198242,-5.236176490783691,5,2.658470106124878,6.994347333908081,3.920315742492676,7.171761512756348
DNJA1_HUMAN,20,L7A,7,-4.022538112610452,-8.457643508911133,-6.795166015625,5,3.2671546936035156,9.802273273468018,4.015313267707825,6.792832851409912
DNJA1_HUMAN,20,L7D,7,-4.8071543618456,-12.174243927001951,-10.190278053283691,5,2.101548671722412,9.944081783294678,3.6694093227386473,6.266496658325195
DNJA1_HUMAN,20,L7H,7,-4.269006971543911,-9.827917098999023,-9.373262405395508,5,2.4021580696105955,7.811678886413574,3.576272439956665,6.385941505432129
DNJA1_HUMAN,20,L7K,7,-4.506143840825419,-11.379980087280272,-12.249113082885742,5,2.7908675193786623,7.001099109649658,4.832796812057495,7.713738918304443
DNJA1_HUMAN,20,L7N,7,-3.7670065584301766,-10.99269199371338,-10.108202934265137,5,3.139117622375488,8.181910991668701,4.576422119140625,7.684959411621094
DNJA1_HUMAN,20,L7P,7,-4.759484676202272,-8.276666641235352,-7.090997695922852,5,1.7344048023223877,7.62212872505188,3.2110047817230223,6.223813056945801
DNJA1_HUMAN,20,L7Q,7,-4.162897475443533,-10.450714111328123,-11.185998916625977,5,2.5978164672851562,6.86559009552002,3.271203875541687,5.599206924438477
DNJA1_HUMAN,20,L7S,7,-4.771796178862361,-9.741025924682615,-4.838713645935059,5,1.7923095941543579,6.376461148262024,3.6027128219604494,6.545031547546387
DNJA1_HUMAN,20,L7T,7,-4.491438721774577,-9.218363761901855,-7.0284857749938965,5,2.6452487468719483,9.178744316101074,4.3581077575683596,7.797199726104736
DNJA1_HUMAN,20,L7Y,7,-3.9580486269472783,-8.370793342590332,-8.191147804260254,5,1.695043182373047,4.804418087005615,4.14752197265625,7.420607089996338
DNJA1_HUMAN,20,V6P,6,-4.561967601569696,-8.107582092285156,-8.687931060791016,5,2.107404327392578,10.41625690460205,3.441852021217346,7.126615524291992
DNJA1_HUMAN,20,V9D,9,-4.867116219570463,-9.214702606201172,-7.4838480949401855,5,1.363698387145996,5.470083236694336,3.8864866733551025,6.586228370666504
DNJA1_HUMAN,20,V9F,9,-4.856363840032164,-6.049625396728516,-5.929562091827393,5,1.3094929695129394,4.619448661804199,3.507255125045776,6.185689449310303
DNJA1_HUMAN,20,V9G,9,-4.452787404265631,-7.254424095153809,-5.322600364685059,5,1.2181509971618651,5.025406837463379,3.1689411878585814,5.987955093383789
DNJA1_HUMAN,20,Y22E,22,-3.71780859932121,-10.831062316894531,-0.4179515838623047,5,0.14838838577270508,0.691474199295044,1.5993016481399536,3.106320142745972
DNJA1_HUMAN,20,Y22G,22,-3.730036795720024,-9.217302322387695,-0.4861478805541992,5,0.13808746337890626,0.6382017135620117,1.7326109886169434,3.3607842922210693
DNJA1_HUMAN,20,Y22N,22,-3.7585394570047104,-8.046326637268066,-0.1045184135437011,5,0.1189732551574707,0.5948662757873535,1.4064140915870667,2.68908429145813
DNJA1_HUMAN,20,Y22S,22,-3.908818101690093,-8.118036270141602,0.2199459075927734,5,0.14810576438903805,0.6895196437835693,1.9802846908569336,3.573380708694458
DNJA1_HUMAN,20,Y4D,4,-3.698559237651298,-8.01793098449707,-4.007113456726074,5,0.782254695892334,1.9717330932617188,3.820376968383789,6.307165145874023
DNJA1_HUMAN,20,Y4G,4,-3.741364160718053,-9.908101081848145,-3.319124937057495,5,1.5477347373962402,4.866195917129517,3.2121380090713503,5.859812259674072
DNJA1_HUMAN,24,A13K,13,-3.901725720526471,-8.066121101379395,-4.687581062316895,5,1.7416549682617188,4.406188011169434,4.03972020149231,8.434937477111816
DNJA1_HUMAN,24,A13R,13,-3.9507449289284167,-8.67731761932373,-2.9530482292175293,5,1.0602195024490357,3.4733357429504395,3.3067471981048584,6.02448320388794
DNJA1_HUMAN,24,A21D,21,-4.038955021664702,-7.005090713500977,-3.19239354133606,5,0.5131072998046876,1.959150075912476,4.351970481872558,7.475064277648926
DNJA1_HUMAN,24,A26P,26,-4.599062016744613,-8.827592849731445,-2.697385549545288,5,0.6142594337463378,2.7225282192230225,2.4379302978515627,5.238889694213867
DNJA1_HUMAN,24,A47D,47,-3.81912634777596,-10.75834846496582,-3.549245357513428,5,0.6371122360229492,2.241128444671631,4.032068824768066,6.948559284210205
DNJA1_HUMAN,24,A47P,47,-4.71712195126066,-9.674687385559082,-3.2362189292907715,5,0.5774238586425781,2.88711929321289,2.994512987136841,6.209345817565918
DNJA1_HUMAN,24,A47R,47,-4.204514916268148,-10.311090469360352,-2.9659423828125,5,0.5566751003265381,2.35548996925354,3.67825026512146,6.673733711242676
DNJA1_HUMAN,24,E17P,17,-4.142436653635782,-9.107988357543944,-1.0908420085906982,5,0.33048300743103026,1.6524150371551514,3.1681953191757204,7.17345666885376
DNJA1_HUMAN,24,G8P,8,-3.98229038230223,-9.427294731140137,-4.005520820617676,5,0.5896588802337647,2.9482944011688232,1.9190572500228882,3.660489559173584
DNJA1_HUMAN,24,I44D,44,-4.304037737728502,-11.387578010559082,-2.962277412414551,5,0.7706222772598267,2.5480098724365234,3.314226198196411,5.998284339904785
DNJA1_HUMAN,24,L18D,18,-4.065919648279514,-9.686927795410156,-5.365962028503418,5,0.7197572708129882,3.5987863540649414,2.995786452293396,6.657716751098633
DNJA1_HUMAN,24,L18E,18,-4.372122556920658,-8.562311172485352,-5.023049354553223,5,0.9125627994537353,3.676103830337525,3.969468665122986,7.518307685852051
DNJA1_HUMAN,24,L18G,18,-4.843311592977646,-8.957338333129883,-4.387866497039795,5,0.7403002262115479,2.755293130874634,3.4838939189910887,7.649544715881348
DNJA1_HUMAN,24,L18H,18,-4.399611785442827,-8.8307523727417,-4.477976799011231,5,0.6435396671295166,3.217698335647583,2.924564075469971,6.587928771972656
DNJA1_HUMAN,24,L18K,18,-3.89947762755694,-8.364311218261719,-5.428369522094727,5,1.7034979104995727,4.693682670593262,5.041615629196167,9.7007474899292
DNJA1_HUMAN,24,L18P,18,-4.649502346447647,-10.383934020996094,-3.845536470413208,5,0.5163843154907226,2.5819215774536133,2.566281294822693,6.304280281066895
DNJA1_HUMAN,24,L18R,18,-3.872811114300276,-7.725992202758789,-4.276705741882324,5,0.8606618404388428,3.216119766235352,3.912640905380249,7.237233161926269
DNJA1_HUMAN,24,L18S,18,-4.596925164851648,-7.015473365783691,-3.587465763092041,5,1.1021650791168214,3.112497329711914,3.8056835651397707,7.932801246643066
DNJA1_HUMAN,24,L25D,25,-3.774725862851923,-8.336262702941895,-3.2180395126342773,5,0.550392484664917,1.9591455459594729,4.105695676803589,7.675534725189209
DNJA1_HUMAN,24,L25P,25,-4.638889030067548,-8.496797561645508,-2.2131271362304688,5,0.31782875061035154,1.4569921493530271,3.473972511291504,7.867850780487059
DNJA1_HUMAN,24,L51D,51,-3.903223066731199,-14.835204124450684,-4.824455261230469,5,0.9945493221282959,3.5626027584075928,3.4357664585113525,6.735978126525879
DNJA1_HUMAN,24,L51G,51,-3.731435513840432,-10.615732192993164,-4.089454174041748,5,0.8254016399383545,2.9758100509643555,3.9150342464447023,7.955488681793213
DNJA1_HUMAN,24,L51H,51,-3.9653098628225294,-10.049043655395508,-4.091341972351074,5,0.9947811126708984,3.25492000579834,4.0720538139343265,7.228652954101562
DNJA1_HUMAN,24,L51N,51,-4.189204321708511,-10.584440231323242,-4.74912166595459,5,1.3413074493408204,4.540103435516357,4.778999710083008,8.263282775878906
DNJA1_HUMAN,24,L51P,51,-4.002678369366781,-9.662925720214844,-3.374608278274536,5,0.40232620239257805,2.01163101196289,2.5767043113708494,5.807142734527588
DNJA1_HUMAN,24,L51Q,51,-3.885976639110604,-10.534661293029783,-2.816650629043579,5,0.932789969444275,3.310267925262451,3.384096693992615,6.58123779296875
DNJA1_HUMAN,24,L51R,51,-4.770906946637485,-11.289458274841309,-4.124530792236328,5,0.6998257637023926,3.1640114784240723,3.5780892372131348,6.588694095611572
DNJA1_HUMAN,24,L51S,51,-3.938688864417362,-10.08715534210205,-3.1263322830200195,5,1.1788792133331298,3.126084804534912,4.2746052742004395,7.84607458114624
DNJA1_HUMAN,24,L51W,51,-4.6588201549604245,-11.431665420532228,-3.536620855331421,5,0.5253425121307373,2.147005081176758,4.10069785118103,7.61341667175293
DNJA1_HUMAN,24,L51Y,51,-4.180349910713233,-10.966032028198242,-4.335259914398193,5,0.8471374034881591,3.658017873764038,4.549548959732055,8.151365280151367
DNJA1_HUMAN,24,L7A,7,-4.022538112610452,-8.457643508911133,-3.8864240646362314,5,1.3909059762954712,3.527126908302307,4.671638345718383,7.882598876953125
DNJA1_HUMAN,24,L7D,7,-4.8071543618456,-12.174243927001951,-5.103425025939941,5,0.8010032653808594,3.5019125938415527,3.564632225036621,6.54478931427002
DNJA1_HUMAN,24,L7H,7,-4.269006971543911,-9.827917098999023,-4.177801132202148,5,0.7589899539947509,3.254801750183105,3.634641098976135,6.981776237487793
DNJA1_HUMAN,24,L7K,7,-4.506143840825419,-11.379980087280272,-5.124822616577148,5,1.3259731769561767,4.411031246185303,4.726400637626648,8.433725357055664
DNJA1_HUMAN,24,L7N,7,-3.7670065584301766,-10.99269199371338,-5.278188705444336,5,1.3773601531982422,4.518548488616943,4.616170001029968,8.425907135009766
DNJA1_HUMAN,24,L7P,7,-4.759484676202272,-8.276666641235352,-3.5471596717834477,5,0.517955732345581,2.517427921295166,3.124162769317627,6.6417555809021
DNJA1_HUMAN,24,L7Q,7,-4.162897475443533,-10.450714111328123,-3.446875810623169,5,1.209071946144104,4.097923636436462,3.2251449108123778,6.529829025268555
DNJA1_HUMAN,24,L7S,7,-4.771796178862361,-9.741025924682615,-3.3923680782318115,5,1.1621842622756957,3.027263879776001,3.774102306365967,7.283111572265625
DNJA1_HUMAN,24,L7T,7,-4.491438721774577,-9.218363761901855,-3.7701592445373535,5,1.4291186571121215,3.977305412292481,4.813421392440796,8.57179069519043
DNJA1_HUMAN,24,L7Y,7,-3.9580486269472783,-8.370793342590332,-4.945304870605469,5,0.9402008056640625,3.570035457611084,4.34934368133545,7.820398807525635
DNJA1_HUMAN,24,V6P,6,-4.561967601569696,-8.107582092285156,-2.1638331413269043,5,0.4727991819381714,1.9186854362487795,3.484702444076538,7.516495704650879
DNJA1_HUMAN,24,V9D,9,-4.867116219570463,-9.214702606201172,-2.306899070739746,5,0.49271464347839355,1.5960326194763184,4.377222108840942,7.947171211242676
DNJA1_HUMAN,24,V9F,9,-4.856363840032164,-6.049625396728516,-2.7398791313171387,5,0.3183611869812012,1.1373014450073242,4.179493165016174,7.653899669647217
DNJA1_HUMAN,24,V9G,9,-4.452787404265631,-7.254424095153809,-1.8447628021240237,5,0.3601602792739868,1.4043364524841309,3.8974717617034913,7.304933547973633
DNJA1_HUMAN,24,Y22E,22,-3.71780859932121,-10.831062316894531,-2.0294947624206543,5,0.5726004600524903,2.6957850456237797,1.9213573455810546,3.903724670410156
DNJA1_HUMAN,24,Y22G,22,-3.730036795720024,-9.217302322387695,-2.066699504852295,5,0.6539122581481933,3.1851768493652344,2.09071569442749,4.2531328201293945
DNJA1_HUMAN,24,Y22N,22,-3.7585394570047104,-8.046326637268066,-1.4645929336547852,5,0.32551326751708987,1.6275663375854492,1.6885937213897706,3.484892606735229
DNJA1_HUMAN,24,Y22S,22,-3.908818101690093,-8.118036270141602,-1.7100915908813477,5,0.6300524711608887,3.1444785594940186,2.323878836631775,4.477344512939453
DNJA1_HUMAN,24,Y4D,4,-3.698559237651298,-8.01793098449707,-1.6886191368103027,5,0.5325177669525146,1.7545950412750244,4.123255920410156,7.578403949737549
DNJA1_HUMAN,24,Y4G,4,-3.741364160718053,-9.908101081848145,-1.77421236038208,5,0.8109075546264648,2.3850059509277344,3.9215699434280396,7.097962379455566
EPHB2_HUMAN,8,A11P,11,-3.883658259599692,-7.807187080383301,-1.0735046863555908,5,1.3332231998443604,2.7429568767547607,6.435342931747437,8.99010181427002
EPHB2_HUMAN,8,F21A,21,-3.8139066832197335,-11.620782852172852,2.083590030670166,5,0.4882065296173096,2.068080425262451,5.15100212097168,9.247525215148926
EPHB2_HUMAN,8,F21G,21,-4.025616660796624,-14.06291675567627,3.154038429260254,5,0.510296106338501,2.217801094055176,5.899127054214477,9.566701889038086
EPHB2_HUMAN,8,F21H,21,-3.776953718547059,-11.8822603225708,-0.7582387924194336,5,0.17012233734130858,0.4712247848510742,6.003970956802368,9.909969329833984
EPHB2_HUMAN,8,F21R,21,-3.729781725949104,-12.350912094116213,3.63557767868042,5,0.6011445045471191,1.7505593299865725,5.868128633499145,10.823152542114258
EPHB2_HUMAN,8,I40D,40,-4.503197315312106,-9.137195587158203,2.685631036758423,5,0.7140431404113772,2.0576789379119877,5.972204542160034,11.423320770263672
EPHB2_HUMAN,8,I40E,40,-4.152113535409689,-8.071381568908691,2.187509059906006,5,0.7547726631164551,2.330486297607422,6.285952997207642,11.48163890838623
EPHB2_HUMAN,8,I40G,40,-3.829759554561324,-7.432764053344727,1.8630688190460205,5,0.8192276000976563,2.727291822433472,6.068789958953857,10.944591522216797
EPHB2_HUMAN,8,I40N,40,-3.948926429751285,-7.417012214660644,2.78110408782959,5,0.0906900405883789,0.4246196746826172,4.800508165359497,7.850648880004883
EPHB2_HUMAN,8,I40Q,40,-3.696494508875893,-4.985602378845215,3.358255386352539,5,0.4823910713195801,1.8741459846496584,5.101080989837646,10.658556938171388
EPHB2_HUMAN,8,I40R,40,-4.792639440166677,-6.074428558349609,1.941113233566284,5,0.9607007026672363,3.609387159347534,5.236128854751587,10.549301147460938
EPHB2_HUMAN,8,I54D,54,-4.461351599058742,-13.520330429077148,0.7303643226623535,5,1.204605722427368,2.666708469390869,6.877191162109375,12.242391586303713
EPHB2_HUMAN,8,I54E,54,-4.227401421189578,-13.473546981811523,1.976299285888672,5,0.6039456367492676,1.2093968391418457,6.258441638946533,11.365028381347656
EPHB2_HUMAN,8,I54G,54,-4.112191296914047,-12.233952522277832,1.0438013076782229,5,0.4992088317871094,1.0749902725219729,6.665523099899292,12.65355110168457
EPHB2_HUMAN,8,I54N,54,-4.487676360282528,-11.345767974853516,0.8614852428436279,5,0.27923927307128904,1.061922311782837,5.52964596748352,8.357548713684082
EPHB2_HUMAN,8,I54P,54,-4.550802394723608,-10.629266738891602,2.277005672454834,5,1.3111245155334472,2.560366153717041,5.6447478294372555,8.12727165222168
EPHB2_HUMAN,8,I54Q,54,-3.902436784741094,-11.945388793945312,2.4008939266204834,5,1.0761180877685548,2.5115435123443604,5.67127799987793,10.07420825958252
EPHB2_HUMAN,8,I54R,54,-4.136262039304597,-11.0580472946167,1.39978289604187,5,0.9259741306304932,2.3995487689971924,6.492213535308838,11.76673984527588
EPHB2_HUMAN,8,I54S,54,-4.179541934418287,-10.364274978637695,0.6685023307800293,5,1.0525043487548829,2.4645729064941406,6.095647192001342,10.699708938598633
EPHB2_HUMAN,8,I54T,54,-3.694961737464863,-7.748188495635986,1.6674525737762451,5,0.1023834705352783,0.284278392791748,5.699323558807373,10.159501075744627
EPHB2_HUMAN,8,I58D,58,-3.838612518116876,-10.78395652770996,-0.2055258750915527,5,1.2790594100952148,2.713667869567871,6.55922303199768,12.804719924926758
EPHB2_HUMAN,8,I58E,58,-3.740868380224279,-9.963279724121094,-2.197896718978882,5,1.2916768074035645,4.460038900375366,6.456611251831054,12.293340682983398
EPHB2_HUMAN,8,I58H,58,-4.152202245142961,-7.740108966827393,-3.888368368148804,5,0.35212016105651855,0.8607523441314697,5.486011171340943,10.71406078338623
EPHB2_HUMAN,8,I58P,58,-4.0576254389411694,-9.65529441833496,0.4050209522247314,5,1.6068430900573731,3.030960321426392,5.83720588684082,8.361980438232422
EPHB2_HUMAN,8,L55P,55,-4.276086304470458,-9.073631286621094,2.7268433570861816,5,1.4803718090057374,2.511053562164306,6.906587982177735,11.898414611816406
EPHB2_HUMAN,8,L9G,9,-4.291715548130815,-12.36107063293457,0.9863922595977784,5,0.5685031414031982,1.6497013568878174,6.4265483856201175,10.012834548950195
EPHB2_HUMAN,8,L9H,9,-3.7702680380849767,-12.24501609802246,-1.939082384109497,5,0.9649815559387207,2.498506784439087,4.94377818107605,8.488884925842285
EPHB2_HUMAN,8,L9K,9,-4.013105055702021,-12.774809837341309,-4.283819198608398,5,2.4521982669830322,5.33390474319458,6.301605319976806,11.489107131958008
EPHB2_HUMAN,8,L9P,9,-3.885932527197871,-10.632797241210938,0.3683021068572998,5,1.356164312362671,2.774937868118286,6.335831832885742,9.825431823730469
EPHB2_HUMAN,8,M14D,14,-3.9122954460760937,-12.028566360473633,3.4960289001464844,5,1.120245885848999,2.307562828063965,6.828661966323852,12.132879257202148
EPHB2_HUMAN,8,M35D,35,-3.755776554788768,-11.111867904663086,5.4581170082092285,5,0.9555357933044434,1.861722469329834,7.861349868774414,14.561494827270508
EPHB2_HUMAN,8,M35N,35,-3.6952497015866506,-9.948582649230955,3.8625991344451904,5,1.7339511394500735,5.000113725662232,6.527328062057495,10.47490119934082
EPHB2_HUMAN,8,M35P,35,-3.822002907325325,-10.474935531616213,2.6585021018981934,5,1.9604087829589845,3.8141002655029297,6.973756122589111,11.15036964416504
EPHB2_HUMAN,8,V32K,32,-3.8181043402697874,-10.398792266845703,-6.069579124450684,5,1.3839950561523438,4.194347858428955,6.421408843994141,8.836702346801758
EPHB2_HUMAN,8,V32N,32,-3.907727446809973,-9.026589393615724,-8.633474349975586,5,2.090565299987793,5.673105239868164,6.245081806182862,10.488515853881836
EPHB2_HUMAN,8,V32P,32,-3.805591502435573,-8.528257369995117,-0.1126635074615478,5,0.450423002243042,0.7763330936431885,6.031695175170898,8.548578262329102
EPHB2_HUMAN,8,V32Q,32,-3.7113155376862528,-8.29461669921875,-2.7143259048461914,5,1.0433510303497315,4.572516918182373,5.517536211013793,10.36513328552246
EPHB2_HUMAN,8,V43E,43,-3.815770785488517,-7.851160049438477,2.217543125152588,5,0.8015607357025146,1.9527957439422607,5.435341548919678,10.43264389038086
EPHB2_HUMAN,8,V43P,43,-3.837150886823485,-9.742561340332031,3.198464870452881,5,0.5887758016586304,1.6522058248519895,5.798274183273316,8.004709243774414
EPHB2_HUMAN,8,V5E,5,-3.710088090287722,-9.045631408691406,0.071782112121582,5,0.42364025115966797,1.2561440467834473,5.894215631484985,9.646657943725586
EPHB2_HUMAN,8,V5Q,5,-3.736649712859872,-9.003265380859375,0.0218024253845214,5,0.7039314270019531,1.3950872421264648,5.80780258178711,10.831591606140137
EPHB2_HUMAN,8,W8D,8,-3.8981900685974855,-13.813961029052734,3.5075173377990723,5,1.7081589698791504,3.098170280456543,8.69473090171814,13.443974494934082
EPHB2_HUMAN,8,W8E,8,-4.540056957774155,-13.016754150390623,2.312164783477783,5,0.4420604228973389,0.9867911338806152,7.720530605316162,12.281665802001951
EPHB2_HUMAN,8,W8G,8,-5.292036790943972,-10.42317008972168,3.799947500228882,5,1.5377768993377685,4.1262595653533936,7.2136626720428465,12.661639213562012
EPHB2_HUMAN,8,W8K,8,-3.8436140594335466,-11.875879287719728,-1.7902774810791016,5,2.8013731479644775,5.396655559539795,7.709752750396729,12.816619873046877
EPHB2_HUMAN,8,W8N,8,-3.734588088486938,-12.289258003234863,0.1979932785034179,5,0.634906005859375,1.5121307373046875,8.200627660751342,13.863317489624023
EPHB2_HUMAN,8,W8Q,8,-3.9017477519716586,-11.45148754119873,-2.0511016845703125,5,2.3047667503356934,5.690882682800293,7.089888000488282,13.172679901123049
EPHB2_HUMAN,8,W8R,8,-4.053639760570568,-9.109515190124512,2.508333206176758,5,0.3546689510345459,0.7413277626037598,6.7871170997619625,12.19784450531006
EPHB2_HUMAN,8,W8S,8,-4.014671649604425,-9.989091873168944,3.799158096313477,5,1.5966601371765137,3.40506649017334,7.28199520111084,12.213634490966797
EPHB2_HUMAN,8,W8T,8,-3.956940005942273,-10.619141578674316,3.510408878326416,5,1.2166187763214111,2.784111499786377,7.5801678657531735,12.568306922912598
EPHB2_HUMAN,12,A11P,11,-3.883658259599692,-7.807187080383301,-5.81395149230957,5,1.4816013336181642,6.276625633239746,3.5789153575897217,5.524995803833008
EPHB2_HUMAN,12,F21A,21,-3.8139066832197335,-11.620782852172852,2.861328363418579,5,2.1094752311706544,6.066343069076538,4.454292869567871,7.466422080993652
EPHB2_HUMAN,12,F21G,21,-4.025616660796624,-14.06291675567627,2.5473036766052246,5,0.7090594291687011,1.753812313079834,4.158272290229798,7.158025741577148
EPHB2_HUMAN,12,F21H,21,-3.776953718547059,-11.8822603225708,0.7691826820373535,5,0.372235107421875,0.9909634590148926,3.455812954902649,6.890693664550781
EPHB2_HUMAN,12,F21R,21,-3.729781725949104,-12.350912094116213,1.9858860969543457,5,0.7587699890136719,1.5971627235412598,4.376696586608887,7.245201587677002
EPHB2_HUMAN,12,I40D,40,-4.503197315312106,-9.137195587158203,-2.113746404647827,5,0.7404022216796875,1.3119924068450928,3.8971654415130614,5.234283447265625
EPHB2_HUMAN,12,I40E,40,-4.152113535409689,-8.071381568908691,-2.7914962768554688,5,0.4268205165863037,1.558408498764038,2.975543212890625,4.779545783996582
EPHB2_HUMAN,12,I40G,40,-3.829759554561324,-7.432764053344727,-2.473395347595215,5,0.90084228515625,2.85988450050354,3.0496971130371096,4.559428691864014
EPHB2_HUMAN,12,I40N,40,-3.948926429751285,-7.417012214660644,-0.982081651687622,5,0.14945766925811768,0.4188348054885864,2.821733093261719,4.004800796508789
EPHB2_HUMAN,12,I40Q,40,-3.696494508875893,-4.985602378845215,-1.939232349395752,5,0.5443270444869995,1.895637273788452,2.726593780517578,4.975937843322754
EPHB2_HUMAN,12,I40R,40,-4.792639440166677,-6.074428558349609,-1.7947635650634766,5,0.3443936824798584,1.3686041831970217,2.9991795301437376,4.273777961730957
EPHB2_HUMAN,12,I54D,54,-4.461351599058742,-13.520330429077148,-0.8739223480224609,5,1.385113000869751,3.929914712905884,4.85028567314148,8.771894454956055
EPHB2_HUMAN,12,I54E,54,-4.227401421189578,-13.473546981811523,-1.4901950359344482,5,1.48232741355896,3.5916459560394287,4.942742824554443,8.080501556396484
EPHB2_HUMAN,12,I54G,54,-4.112191296914047,-12.233952522277832,-0.2534563541412353,5,1.5360769271850585,3.6555213928222656,4.854173374176026,8.351116180419922
EPHB2_HUMAN,12,I54N,54,-4.487676360282528,-11.345767974853516,-0.2182285785675048,5,0.7203632831573485,1.8453280925750728,4.123643922805786,6.736240863800049
EPHB2_HUMAN,12,I54P,54,-4.550802394723608,-10.629266738891602,-0.3959376811981201,5,1.243241024017334,4.00385308265686,3.3485885143280028,6.940830230712891
EPHB2_HUMAN,12,I54Q,54,-3.902436784741094,-11.945388793945312,-0.4695837497711181,5,1.006101131439209,3.3694403171539307,4.293156290054322,7.9405622482299805
EPHB2_HUMAN,12,I54R,54,-4.136262039304597,-11.0580472946167,0.3955633640289306,5,1.245526957511902,2.767625570297241,5.1461944580078125,8.009648323059082
EPHB2_HUMAN,12,I54S,54,-4.179541934418287,-10.364274978637695,-1.6042072772979736,5,1.4067322254180907,3.5275237560272217,4.509998464584351,8.570393562316895
EPHB2_HUMAN,12,I54T,54,-3.694961737464863,-7.748188495635986,-0.2069931030273437,5,1.1026665210723876,3.47391676902771,3.88383002281189,7.42073392868042
EPHB2_HUMAN,12,I58D,58,-3.838612518116876,-10.78395652770996,-3.20279860496521,5,3.828484582901001,10.336729288101196,4.568747091293335,8.583515167236328
EPHB2_HUMAN,12,I58E,58,-3.740868380224279,-9.963279724121094,-2.274320363998413,5,1.3623836517333985,3.1799464225769043,4.921365642547608,8.002384185791016
EPHB2_HUMAN,12,I58H,58,-4.152202245142961,-7.740108966827393,-1.703007459640503,5,0.58883638381958,1.6648695468902588,3.6822964668273928,6.434408664703369
EPHB2_HUMAN,12,I58P,58,-4.0576254389411694,-9.65529441833496,-0.7363452911376953,5,1.3039612770080569,4.816142082214356,3.3785231828689577,6.393983840942383
EPHB2_HUMAN,12,L55P,55,-4.276086304470458,-9.073631286621094,-3.2873873710632324,5,1.743890368938446,3.666974008083344,4.459078788757324,8.325355529785156
EPHB2_HUMAN,12,L9G,9,-4.291715548130815,-12.36107063293457,-8.453279495239258,5,3.705563545227051,7.645381927490234,3.8553992748260497,7.112419128417969
EPHB2_HUMAN,12,L9H,9,-3.7702680380849767,-12.24501609802246,-8.525205612182617,5,3.115610122680664,6.7753095626831055,3.8684945106506348,6.899442672729492
EPHB2_HUMAN,12,L9K,9,-4.013105055702021,-12.774809837341309,-9.246975898742676,5,3.5713735580444337,7.139063835144043,5.028351497650147,8.743703842163086
EPHB2_HUMAN,12,L9P,9,-3.885932527197871,-10.632797241210938,-5.7780375480651855,5,1.94053053855896,5.646372318267822,3.119690990447998,5.776250839233398
EPHB2_HUMAN,12,M14D,14,-3.9122954460760937,-12.028566360473633,2.9854748249053955,5,1.531290054321289,5.006782293319702,4.740446472167969,8.8953218460083
EPHB2_HUMAN,12,M35D,35,-3.755776554788768,-11.111867904663086,-1.9185004234313965,5,2.530648422241211,5.512380361557007,4.9804740905761715,8.631199836730957
EPHB2_HUMAN,12,M35N,35,-3.6952497015866506,-9.948582649230955,-0.7602577209472656,5,1.344645881652832,2.994992733001709,4.444187068939209,6.465088844299316
EPHB2_HUMAN,12,M35P,35,-3.822002907325325,-10.474935531616213,-1.4843521118164062,5,2.376796817779541,5.724435806274414,4.306857681274414,6.67931604385376
EPHB2_HUMAN,12,V32K,32,-3.8181043402697874,-10.398792266845703,-3.923532247543335,5,1.9027112483978272,6.040423393249512,3.9248759269714357,6.152894020080566
EPHB2_HUMAN,12,V32N,32,-3.907727446809973,-9.026589393615724,-2.8838560581207275,5,1.6897682428359986,4.70092511177063,4.593873739242554,7.890994071960449
EPHB2_HUMAN,12,V32P,32,-3.805591502435573,-8.528257369995117,-1.538388967514038,5,1.8354995012283326,6.131799936294556,3.3704386949539185,5.680734157562256
EPHB2_HUMAN,12,V32Q,32,-3.7113155376862528,-8.29461669921875,-2.7044827938079834,5,2.466896486282349,7.578465700149536,3.642734146118164,6.032415390014648
EPHB2_HUMAN,12,V43E,43,-3.815770785488517,-7.851160049438477,-1.905105471611023,5,1.1578123092651365,3.934656739234924,3.8128225326538088,6.38944149017334
EPHB2_HUMAN,12,V43P,43,-3.837150886823485,-9.742561340332031,-1.839024901390076,5,1.7665210485458374,4.22068727016449,3.8336238622665406,7.138620376586914
EPHB2_HUMAN,12,V5E,5,-3.710088090287722,-9.045631408691406,-1.1260294914245603,5,1.0243760108947753,3.857014417648315,4.382222032546997,6.466414451599121
EPHB2_HUMAN,12,V5Q,5,-3.736649712859872,-9.003265380859375,-0.7119874954223633,5,2.47002854347229,6.752223968505859,3.608435273170471,6.316507339477539
EPHB2_HUMAN,12,W8D,8,-3.8981900685974855,-13.813961029052734,2.619025707244873,5,0.28780975341796877,1.0793349742889404,4.83601713180542,8.048810005187988
EPHB2_HUMAN,12,W8E,8,-4.540056957774155,-13.016754150390623,2.788759708404541,5,0.22472200393676753,0.4770088195800781,4.668565273284912,7.862203121185303
EPHB2_HUMAN,12,W8G,8,-5.292036790943972,-10.42317008972168,2.759782552719116,5,1.3086278438568115,4.777756452560425,4.275679683685302,8.046302795410156
EPHB2_HUMAN,12,W8K,8,-3.8436140594335466,-11.875879287719728,-0.2340726852416992,5,0.7859963417053223,2.683961868286133,4.229266500473022,8.148272514343262
EPHB2_HUMAN,12,W8N,8,-3.734588088486938,-12.289258003234863,-1.95047664642334,5,1.0641955375671386,2.822241306304932,4.5938526630401615,8.172037124633789
EPHB2_HUMAN,12,W8Q,8,-3.9017477519716586,-11.45148754119873,4.700514793395996,5,0.6237876892089844,1.3003950119018557,4.134542989730835,7.895314693450928
EPHB2_HUMAN,12,W8R,8,-4.053639760570568,-9.109515190124512,3.333537340164185,5,0.49593300819396974,0.7544152736663818,4.372323083877563,7.879556179046631
EPHB2_HUMAN,12,W8S,8,-4.014671649604425,-9.989091873168944,2.6852259635925293,5,0.23389415740966793,0.5629947185516357,3.99566593170166,8.232342720031738
EPHB2_HUMAN,12,W8T,8,-3.956940005942273,-10.619141578674316,1.8450229167938232,5,0.5989692211151123,1.3944895267486572,4.014280986785889,7.973247528076172
EPHB2_HUMAN,16,A11P,11,-3.883658259599692,-7.807187080383301,-4.1484785079956055,5,1.195453405380249,4.252707004547119,3.023231363296509,5.5580644607543945
EPHB2_HUMAN,16,F21A,21,-3.8139066832197335,-11.620782852172852,-5.401541709899902,5,5.052470588684082,14.462180137634276,4.421288681030274,8.563773155212402
EPHB2_HUMAN,16,F21G,21,-4.025616660796624,-14.06291675567627,-4.9143571853637695,5,3.7841606616973875,10.686702728271484,3.651034116744995,7.645101547241211
EPHB2_HUMAN,16,F21H,21,-3.776953718547059,-11.8822603225708,-5.602095603942871,5,2.100832939147949,10.504164695739746,3.3204373359680175,7.636635780334473
EPHB2_HUMAN,16,F21R,21,-3.729781725949104,-12.350912094116213,-5.574033737182617,5,4.141195297241211,12.405787467956545,3.9388169765472414,8.096346855163574
EPHB2_HUMAN,16,I40D,40,-4.503197315312106,-9.137195587158203,-10.008968353271484,5,1.9284387588500977,8.831730842590332,2.520522928237915,3.87691330909729
EPHB2_HUMAN,16,I40E,40,-4.152113535409689,-8.071381568908691,-11.073734283447266,5,1.784632110595703,8.923160552978516,2.84127995967865,4.637887001037598
EPHB2_HUMAN,16,I40G,40,-3.829759554561324,-7.432764053344727,-7.650724411010742,5,3.032297372817993,8.250721454620361,2.8525254011154173,4.980067253112793
EPHB2_HUMAN,16,I40N,40,-3.948926429751285,-7.417012214660644,-4.740389823913574,5,1.3713518142700196,5.145981311798096,2.2285014152526856,3.5334784984588623
EPHB2_HUMAN,16,I40Q,40,-3.696494508875893,-4.985602378845215,-6.42058801651001,5,1.4261240005493163,4.0279645919799805,3.38674852848053,5.811100959777832
EPHB2_HUMAN,16,I40R,40,-4.792639440166677,-6.074428558349609,-7.557054042816162,5,1.529808521270752,7.64904260635376,2.628011631965637,4.872441291809082
EPHB2_HUMAN,16,I54D,54,-4.461351599058742,-13.520330429077148,-7.908389091491699,5,2.659274673461914,12.730158805847168,4.386863899230957,7.206748962402344
EPHB2_HUMAN,16,I54E,54,-4.227401421189578,-13.473546981811523,-9.092901229858398,5,2.401949405670166,10.647324085235596,5.228417634963989,8.702174186706543
EPHB2_HUMAN,16,I54G,54,-4.112191296914047,-12.233952522277832,-10.318323135375977,5,4.019654369354248,13.410521507263184,4.457571029663086,8.215364456176758
EPHB2_HUMAN,16,I54N,54,-4.487676360282528,-11.345767974853516,-2.842862129211426,5,1.8686184406280517,5.503340482711792,3.6905970573425293,5.844402313232422
EPHB2_HUMAN,16,I54P,54,-4.550802394723608,-10.629266738891602,-7.659104347229004,5,2.984650707244873,12.961485862731934,3.4544887065887453,6.924196720123291
EPHB2_HUMAN,16,I54Q,54,-3.902436784741094,-11.945388793945312,-7.007603645324707,5,3.4796993732452393,9.556105613708496,4.642599248886109,8.442038536071777
EPHB2_HUMAN,16,I54R,54,-4.136262039304597,-11.0580472946167,-6.5316267013549805,5,4.119020080566406,11.75347137451172,5.125786066055298,8.494030952453613
EPHB2_HUMAN,16,I54S,54,-4.179541934418287,-10.364274978637695,-5.505376815795898,5,2.8568094253540037,7.589369297027588,4.623438549041748,8.445332527160645
EPHB2_HUMAN,16,I54T,54,-3.694961737464863,-7.748188495635986,-3.693746566772461,5,3.8494949340820312,10.676613330841064,4.201225662231446,7.0632524490356445
EPHB2_HUMAN,16,I58D,58,-3.838612518116876,-10.78395652770996,-2.831880807876587,5,1.9629571914672852,5.682533025741577,3.830299472808838,6.657629489898682
EPHB2_HUMAN,16,I58E,58,-3.740868380224279,-9.963279724121094,-4.214972496032715,5,2.3700115203857424,6.27166748046875,5.096168136596679,8.630717277526855
EPHB2_HUMAN,16,I58H,58,-4.152202245142961,-7.740108966827393,-1.2281501293182373,5,1.1138468265533448,3.483093023300171,4.098431921005249,7.149543285369873
EPHB2_HUMAN,16,I58P,58,-4.0576254389411694,-9.65529441833496,-0.5132735967636108,5,0.8068487167358398,3.251170039176941,3.5402511596679687,6.611944198608398
EPHB2_HUMAN,16,L55P,55,-4.276086304470458,-9.073631286621094,-7.870473384857178,5,1.6312121868133544,7.685052156448364,3.7261399745941164,7.335309982299805
EPHB2_HUMAN,16,L9G,9,-4.291715548130815,-12.36107063293457,-6.03210973739624,5,0.7264266014099121,2.8413848876953125,2.979335379600525,5.924415111541748
EPHB2_HUMAN,16,L9H,9,-3.7702680380849767,-12.24501609802246,-10.18356704711914,5,1.6301276206970214,7.510554790496826,3.3476807832717896,5.822427272796631
EPHB2_HUMAN,16,L9K,9,-4.013105055702021,-12.774809837341309,-7.331471443176269,5,1.224437236785889,4.46727466583252,4.7852356910705565,7.682713985443115
EPHB2_HUMAN,16,L9P,9,-3.885932527197871,-10.632797241210938,-6.3588738441467285,5,0.8564754009246827,3.9331367015838623,2.382156157493591,4.7535905838012695
EPHB2_HUMAN,16,M14D,14,-3.9122954460760937,-12.028566360473633,-6.279603004455566,5,1.7908525466918945,6.960367202758789,5.030792260169983,9.419878005981444
EPHB2_HUMAN,16,M35D,35,-3.755776554788768,-11.111867904663086,-3.033036231994629,5,0.39063329696655275,1.2997159957885742,6.221944284439087,11.0180025100708
EPHB2_HUMAN,16,M35N,35,-3.6952497015866506,-9.948582649230955,-3.460176944732666,5,2.0402111053466796,5.679290294647217,4.947807359695434,9.26213836669922
EPHB2_HUMAN,16,M35P,35,-3.822002907325325,-10.474935531616213,-2.586479663848877,5,1.7796918392181396,5.193071603775024,5.327012062072754,9.903682708740234
EPHB2_HUMAN,16,V32K,32,-3.8181043402697874,-10.398792266845703,-6.525084972381592,5,1.3261309623718263,4.433760643005371,4.827582693099975,8.19412612915039
EPHB2_HUMAN,16,V32N,32,-3.907727446809973,-9.026589393615724,-6.922733306884766,5,2.583212661743164,7.235895156860352,5.340232181549072,9.25123405456543
EPHB2_HUMAN,16,V32P,32,-3.805591502435573,-8.528257369995117,-4.48446798324585,5,2.302747058868408,9.165794372558594,4.134931802749634,7.306131839752197
EPHB2_HUMAN,16,V32Q,32,-3.7113155376862528,-8.29461669921875,-4.146510124206543,5,2.211955165863037,6.099488258361816,4.188685083389283,7.692431926727295
EPHB2_HUMAN,16,V43E,43,-3.815770785488517,-7.851160049438477,-6.352531433105469,5,1.3263540267944336,5.78186559677124,4.0683082103729244,6.648836612701416
EPHB2_HUMAN,16,V43P,43,-3.837150886823485,-9.742561340332031,-5.020068645477295,5,2.2860851764678953,6.3329408168792725,4.0279459953308105,6.84868860244751
EPHB2_HUMAN,16,V5E,5,-3.710088090287722,-9.045631408691406,-9.093524932861328,5,1.509800338745117,6.546409606933594,4.499135494232178,7.069338798522949
EPHB2_HUMAN,16,V5Q,5,-3.736649712859872,-9.003265380859375,-6.566737174987793,5,2.258765125274658,5.8001389503479,4.299684047698975,7.410977363586426
EPHB2_HUMAN,16,W8D,8,-3.8981900685974855,-13.813961029052734,1.300497055053711,5,0.22428789138793945,0.9243040084838868,4.287200307846069,8.187432289123535
EPHB2_HUMAN,16,W8E,8,-4.540056957774155,-13.016754150390623,0.5290372371673584,5,0.16496410369873046,0.5586178302764893,4.549882411956787,8.325873374938965
EPHB2_HUMAN,16,W8G,8,-5.292036790943972,-10.42317008972168,1.4757394790649414,5,0.4367372512817383,1.5704011917114258,3.6277699947357176,8.053796768188477
EPHB2_HUMAN,16,W8K,8,-3.8436140594335466,-11.875879287719728,0.2707002162933349,5,0.3940881729125976,1.1949217319488523,4.386141109466553,8.321163177490234
EPHB2_HUMAN,16,W8N,8,-3.734588088486938,-12.289258003234863,0.9573354721069336,5,0.26894574165344237,0.9283363819122314,4.052992534637451,8.001015663146973
EPHB2_HUMAN,16,W8Q,8,-3.9017477519716586,-11.45148754119873,2.816040277481079,5,1.5044069290161133,5.49493670463562,3.9438227891921995,7.887509822845459
EPHB2_HUMAN,16,W8R,8,-4.053639760570568,-9.109515190124512,0.2862420082092285,5,1.0601284980773926,3.597217559814453,3.8400888442993164,7.861905097961426
EPHB2_HUMAN,16,W8S,8,-4.014671649604425,-9.989091873168944,-0.5127604007720947,5,0.7226127624511719,2.31135892868042,3.7571051359176635,8.136828422546387
EPHB2_HUMAN,16,W8T,8,-3.956940005942273,-10.619141578674316,1.74623441696167,5,0.7257503986358642,1.9899916648864744,4.10096492767334,8.005169868469238
EPHB2_HUMAN,20,A11P,11,-3.883658259599692,-7.807187080383301,-2.760303020477295,5,1.1927634716033935,5.281421899795532,2.7841607570648192,5.30866813659668
EPHB2_HUMAN,20,F21A,21,-3.8139066832197335,-11.620782852172852,-9.221068382263184,5,4.613931894302367,13.060843229293823,3.6262067794799804,6.8514251708984375
EPHB2_HUMAN,20,F21G,21,-4.025616660796624,-14.06291675567627,-8.465028762817383,5,2.1080845832824706,9.33933162689209,3.072989273071289,6.1127214431762695
EPHB2_HUMAN,20,F21H,21,-3.776953718547059,-11.8822603225708,-7.214642524719238,5,1.618436336517334,8.09218168258667,2.906797695159912,5.9487714767456055
EPHB2_HUMAN,20,F21R,21,-3.729781725949104,-12.350912094116213,-8.616214752197266,5,2.5230634689331053,9.65545654296875,3.3320902824401855,6.392956733703613
EPHB2_HUMAN,20,I40D,40,-4.503197315312106,-9.137195587158203,-1.5281095504760742,5,0.29581308364868164,1.4790654182434082,2.482233452796936,4.23736572265625
EPHB2_HUMAN,20,I40E,40,-4.152113535409689,-8.071381568908691,-2.4494400024414062,5,0.4084487438201904,2.042243719100952,2.73530695438385,4.732736110687256
EPHB2_HUMAN,20,I40G,40,-3.829759554561324,-7.432764053344727,-1.5332646369934082,5,1.126693820953369,3.8040850162506095,2.9900299072265626,5.234601020812988
EPHB2_HUMAN,20,I40N,40,-3.948926429751285,-7.417012214660644,-0.163182258605957,5,0.10931563377380371,0.5465781688690186,2.2957220315933227,3.758432149887085
EPHB2_HUMAN,20,I40Q,40,-3.696494508875893,-4.985602378845215,-1.7031335830688477,5,0.4804297924041748,2.402148962020874,3.361459565162659,5.62662410736084
EPHB2_HUMAN,20,I40R,40,-4.792639440166677,-6.074428558349609,-1.3751306533813477,5,0.4156957626342773,2.0784788131713867,2.752267527580261,4.862250804901123
EPHB2_HUMAN,20,I54D,54,-4.461351599058742,-13.520330429077148,-8.42920970916748,5,2.92846097946167,9.722127437591553,4.070689964294433,7.223072528839111
EPHB2_HUMAN,20,I54E,54,-4.227401421189578,-13.473546981811523,-9.103893280029297,5,3.117670440673828,10.532077312469482,4.754562950134277,8.014535903930664
EPHB2_HUMAN,20,I54G,54,-4.112191296914047,-12.233952522277832,-8.430113792419434,5,4.461353778839111,12.12995982170105,4.134588813781738,8.320232391357422
EPHB2_HUMAN,20,I54N,54,-4.487676360282528,-11.345767974853516,-5.172855854034424,5,1.8893224716186523,5.436766624450684,3.1514734983444215,5.940474033355713
EPHB2_HUMAN,20,I54P,54,-4.550802394723608,-10.629266738891602,-7.177834510803223,5,2.0270590782165527,10.135295391082764,3.2239004135131837,7.060647964477539
EPHB2_HUMAN,20,I54Q,54,-3.902436784741094,-11.945388793945312,-6.645450592041016,5,2.7021379470825195,9.823915004730225,4.503323221206665,8.486204147338867
EPHB2_HUMAN,20,I54R,54,-4.136262039304597,-11.0580472946167,-7.016003131866455,5,3.0695911884307856,11.522130489349363,4.434460687637329,8.009716987609863
EPHB2_HUMAN,20,I54S,54,-4.179541934418287,-10.364274978637695,-5.858255863189697,5,2.9015416383743284,7.751724720001221,4.146147513389588,8.682348251342773
EPHB2_HUMAN,20,I54T,54,-3.694961737464863,-7.748188495635986,-3.993896961212158,5,2.6160756230354307,8.289562225341797,4.070561027526855,7.631689548492432
EPHB2_HUMAN,20,I58D,58,-3.838612518116876,-10.78395652770996,-6.827075004577637,5,2.3496940612792967,7.083981513977051,3.569132614135742,6.457955837249756
EPHB2_HUMAN,20,I58E,58,-3.740868380224279,-9.963279724121094,-7.756639957427978,5,2.6218007087707518,6.63942289352417,4.703999137878418,7.833495140075684
EPHB2_HUMAN,20,I58H,58,-4.152202245142961,-7.740108966827393,-1.4094494581222534,5,1.0070154666900635,3.3247357606887817,3.9091416358947755,7.060860633850098
EPHB2_HUMAN,20,I58P,58,-4.0576254389411694,-9.65529441833496,-2.942813873291016,5,0.9464120864868164,4.732060432434082,3.1085609674453734,6.408891677856445
EPHB2_HUMAN,20,L55P,55,-4.276086304470458,-9.073631286621094,-6.605005741119385,5,0.9507533073425293,4.649604797363281,3.5974560499191286,6.8962836265563965
EPHB2_HUMAN,20,L9G,9,-4.291715548130815,-12.36107063293457,-9.572341918945312,5,1.7392302989959716,8.696151494979858,2.5638898372650147,5.153356075286865
EPHB2_HUMAN,20,L9H,9,-3.7702680380849767,-12.24501609802246,-9.320744514465332,5,1.7427703857421875,7.51785945892334,3.104924535751343,5.25285005569458
EPHB2_HUMAN,20,L9K,9,-4.013105055702021,-12.774809837341309,-13.899816513061523,5,3.1451683044433594,11.934490203857422,4.221981716156006,6.688815593719482
EPHB2_HUMAN,20,L9P,9,-3.885932527197871,-10.632797241210938,-7.0748395919799805,5,1.5127985000610351,7.563992500305176,2.0662853717803955,4.232019424438477
EPHB2_HUMAN,20,M14D,14,-3.9122954460760937,-12.028566360473633,-5.853170394897461,5,1.7062376976013183,5.082666397094727,4.854489660263061,8.990050315856934
EPHB2_HUMAN,20,M35D,35,-3.755776554788768,-11.111867904663086,-6.968711853027344,5,2.4444054603576664,10.718751430511476,5.956941604614259,9.96970558166504
EPHB2_HUMAN,20,M35N,35,-3.6952497015866506,-9.948582649230955,-4.089407920837402,5,1.1609272956848145,3.468390941619873,4.681458759307861,8.25992488861084
EPHB2_HUMAN,20,M35P,35,-3.822002907325325,-10.474935531616213,-4.372923374176025,5,1.349177932739258,5.202723979949951,5.024224805831909,8.58646297454834
EPHB2_HUMAN,20,V32K,32,-3.8181043402697874,-10.398792266845703,-8.12492561340332,5,2.3311790466308593,8.027609825134277,3.7700021266937256,6.49807596206665
EPHB2_HUMAN,20,V32N,32,-3.907727446809973,-9.026589393615724,-8.324628829956055,5,3.2744798183441164,8.81346583366394,4.125194978713989,7.518647193908691
EPHB2_HUMAN,20,V32P,32,-3.805591502435573,-8.528257369995117,-5.311821937561035,5,1.269885206222534,5.638477087020874,2.949675512313843,5.553397178649902
EPHB2_HUMAN,20,V32Q,32,-3.7113155376862528,-8.29461669921875,-7.27016544342041,5,2.207335615158081,7.528548955917358,3.2143064737319946,5.782211780548096
EPHB2_HUMAN,20,V43E,43,-3.815770785488517,-7.851160049438477,-9.353716850280762,5,1.7968568801879883,7.425697326660156,3.3879480838775633,6.053915023803711
EPHB2_HUMAN,20,V43P,43,-3.837150886823485,-9.742561340332031,-8.636518478393555,5,2.6731108188629156,10.13077473640442,3.0112348079681395,5.851116180419922
EPHB2_HUMAN,20,V5E,5,-3.710088090287722,-9.045631408691406,-7.239806175231934,5,1.845358180999756,6.130996227264404,3.7146288394927978,6.658815860748291
EPHB2_HUMAN,20,V5Q,5,-3.736649712859872,-9.003265380859375,-7.120104789733887,5,3.0230406284332276,8.378334522247314,3.6099409818649293,6.13254451751709
EPHB2_HUMAN,20,W8D,8,-3.8981900685974855,-13.813961029052734,-0.6312294006347656,5,0.94125394821167,3.746577262878418,4.007676458358764,7.35884428024292
EPHB2_HUMAN,20,W8E,8,-4.540056957774155,-13.016754150390623,-2.001070499420166,5,1.0942925930023193,3.073578357696533,4.1001742601394655,7.118409633636475
EPHB2_HUMAN,20,W8G,8,-5.292036790943972,-10.42317008972168,1.8535308837890625,5,0.5048508644104004,1.25852632522583,3.297320246696472,7.2319254875183105
EPHB2_HUMAN,20,W8K,8,-3.8436140594335466,-11.875879287719728,-4.68198299407959,5,1.6786998748779296,5.12235164642334,4.190738368034363,7.506130218505859
EPHB2_HUMAN,20,W8N,8,-3.734588088486938,-12.289258003234863,-5.504668235778809,5,1.9661364555358887,6.072623252868652,3.742536497116089,7.325009346008301
EPHB2_HUMAN,20,W8Q,8,-3.9017477519716586,-11.45148754119873,-4.956175327301025,5,1.3859624862670898,3.64461612701416,3.654098105430603,7.155362129211426
EPHB2_HUMAN,20,W8R,8,-4.053639760570568,-9.109515190124512,-0.3759427070617676,5,1.0729629516601562,2.7088210582733154,3.490504503250122,6.93822717666626
EPHB2_HUMAN,20,W8S,8,-4.014671649604425,-9.989091873168944,1.3232789039611816,5,2.0504503726959227,7.496827602386475,3.3490140438079834,7.343262195587158
EPHB2_HUMAN,20,W8T,8,-3.956940005942273,-10.619141578674316,0.2324171066284179,5,1.8713150024414062,6.480777740478516,3.621787452697754,7.285719394683838
EPHB2_HUMAN,24,A11P,11,-3.883658259599692,-7.807187080383301,-2.5833539962768555,5,0.7169209480285645,3.234914302825928,2.856399583816528,5.479413032531738
EPHB2_HUMAN,24,F21A,21,-3.8139066832197335,-11.620782852172852,-0.8923640251159668,5,1.0229728937149047,2.66306209564209,3.788974475860596,7.509655952453613
EPHB2_HUMAN,24,F21G,21,-4.025616660796624,-14.06291675567627,-1.4411468505859375,5,0.7843058109283448,2.73200798034668,3.248923921585083,6.635663986206055
EPHB2_HUMAN,24,F21H,21,-3.776953718547059,-11.8822603225708,-1.070042371749878,5,0.4990411281585693,2.4952056407928467,2.804152774810791,6.526093006134033
EPHB2_HUMAN,24,F21R,21,-3.729781725949104,-12.350912094116213,-1.244943141937256,5,0.7244060039520264,3.087326765060425,3.2435044765472414,6.93328857421875
EPHB2_HUMAN,24,I40D,40,-4.503197315312106,-9.137195587158203,-2.658125877380371,5,0.6424379825592041,3.2121899127960205,2.6166202068328857,4.732937812805176
EPHB2_HUMAN,24,I40E,40,-4.152113535409689,-8.071381568908691,-2.754188537597656,5,0.723080825805664,3.61540412902832,3.1895124912261963,5.5354509353637695
EPHB2_HUMAN,24,I40G,40,-3.829759554561324,-7.432764053344727,-2.8253636360168457,5,1.5279275894165039,4.193337440490723,3.511393594741821,6.1545844078063965
EPHB2_HUMAN,24,I40N,40,-3.948926429751285,-7.417012214660644,-1.6996287107467651,5,1.1066942453384399,3.08823037147522,2.449211311340332,3.90946626663208
EPHB2_HUMAN,24,I40Q,40,-3.696494508875893,-4.985602378845215,-3.331061840057373,5,2.0733560800552366,5.402421474456787,3.7060393333435058,6.240667819976807
EPHB2_HUMAN,24,I40R,40,-4.792639440166677,-6.074428558349609,-3.120138645172119,5,0.8435176372528076,4.217588186264038,3.063272547721863,5.690455436706543
EPHB2_HUMAN,24,I54D,54,-4.461351599058742,-13.520330429077148,-1.887634515762329,5,0.580360221862793,1.760561466217041,4.24273681640625,7.143202781677246
EPHB2_HUMAN,24,I54E,54,-4.227401421189578,-13.473546981811523,-1.776378870010376,5,0.5156588077545166,1.406181573867798,4.952993726730346,8.31161880493164
EPHB2_HUMAN,24,I54G,54,-4.112191296914047,-12.233952522277832,-1.924232482910156,5,0.7113968372344971,2.2695624828338623,4.467279481887817,8.370333671569824
EPHB2_HUMAN,24,I54N,54,-4.487676360282528,-11.345767974853516,-0.6906147003173828,5,0.3509595870971679,1.0805699825286863,2.783827233314514,4.968249320983887
EPHB2_HUMAN,24,I54P,54,-4.550802394723608,-10.629266738891602,-1.6041030883789062,5,0.46214933395385743,2.310746669769287,3.3900641441345214,6.765619277954102
EPHB2_HUMAN,24,I54Q,54,-3.902436784741094,-11.945388793945312,-0.9072577953338624,5,0.6298473834991455,1.85896897315979,4.377787303924561,8.253130912780762
EPHB2_HUMAN,24,I54R,54,-4.136262039304597,-11.0580472946167,-1.7957136631011963,5,0.8216316223144531,2.677274703979492,4.48276047706604,8.050069808959961
EPHB2_HUMAN,24,I54S,54,-4.179541934418287,-10.364274978637695,-1.1311774253845217,5,0.5848589420318604,2.0742220878601074,4.578310871124268,8.505171775817871
EPHB2_HUMAN,24,I54T,54,-3.694961737464863,-7.748188495635986,-0.3362338542938232,5,0.396468186378479,1.0228662490844729,4.559434700012207,7.515737056732178
EPHB2_HUMAN,24,I58D,58,-3.838612518116876,-10.78395652770996,-1.1214215755462646,5,0.38976755142211916,1.2245166301727295,3.6753311157226562,6.293570041656494
EPHB2_HUMAN,24,I58E,58,-3.740868380224279,-9.963279724121094,-0.9191975593566896,5,0.5223680019378663,1.4119725227355957,4.611983442306519,8.373486518859863
EPHB2_HUMAN,24,I58H,58,-4.152202245142961,-7.740108966827393,-0.953699827194214,5,0.5327543258666992,1.797771692276001,3.9092523574829103,6.849193572998047
EPHB2_HUMAN,24,I58P,58,-4.0576254389411694,-9.65529441833496,-0.7546656131744385,5,0.30229802131652833,1.5114901065826416,2.9576083183288575,6.1816582679748535
EPHB2_HUMAN,24,L55P,55,-4.276086304470458,-9.073631286621094,-1.949506163597107,5,0.2901817798614502,1.1760228872299194,3.2551198482513426,7.148918628692627
EPHB2_HUMAN,24,L9G,9,-4.291715548130815,-12.36107063293457,-4.561577320098877,5,0.6885555744171143,3.4427778720855717,2.226975512504578,4.9520416259765625
EPHB2_HUMAN,24,L9H,9,-3.7702680380849767,-12.24501609802246,-4.522640705108643,5,0.753146743774414,3.7657337188720703,2.9035159587860107,5.235756874084473
EPHB2_HUMAN,24,L9K,9,-4.013105055702021,-12.774809837341309,-5.84174919128418,5,1.5520298480987549,4.951443433761597,3.590424633026123,6.178803443908691
EPHB2_HUMAN,24,L9P,9,-3.885932527197871,-10.632797241210938,-3.8614234924316406,5,0.6777475833892822,3.388737916946411,1.8971216440200807,4.196743488311768
EPHB2_HUMAN,24,M14D,14,-3.9122954460760937,-12.028566360473633,-0.4369721412658691,5,0.3314210891723633,0.8633403778076172,4.908891654014587,9.712587356567385
EPHB2_HUMAN,24,M35D,35,-3.755776554788768,-11.111867904663086,-0.7993602752685547,5,0.6975509643554687,1.7888569831848145,5.825679969787598,10.91096305847168
EPHB2_HUMAN,24,M35N,35,-3.6952497015866506,-9.948582649230955,0.0053668022155761,5,0.5272376537322998,1.6234030723571775,4.595543289184571,9.118067741394045
EPHB2_HUMAN,24,M35P,35,-3.822002907325325,-10.474935531616213,-0.0512247085571289,5,0.5090929508209229,2.0017404556274414,4.921046543121338,9.582317352294922
EPHB2_HUMAN,24,V32K,32,-3.8181043402697874,-10.398792266845703,-2.895159244537353,5,0.9798716068267822,2.5121514797210693,4.394771146774292,7.576743125915527
EPHB2_HUMAN,24,V32N,32,-3.907727446809973,-9.026589393615724,-3.1056361198425293,5,0.7684092044830322,2.469844102859497,4.445033693313599,8.34033203125
EPHB2_HUMAN,24,V32P,32,-3.805591502435573,-8.528257369995117,-2.321062564849853,5,0.5145614385604859,1.867279052734375,3.205710506439209,6.88448429107666
EPHB2_HUMAN,24,V32Q,32,-3.7113155376862528,-8.29461669921875,-1.7543132305145264,5,0.694813346862793,2.484323501586914,3.130021500587463,6.871488571166992
EPHB2_HUMAN,24,V43E,43,-3.815770785488517,-7.851160049438477,-1.4295425415039062,5,0.13327136039733883,0.4836351871490478,4.363379907608032,7.981485843658447
EPHB2_HUMAN,24,V43P,43,-3.837150886823485,-9.742561340332031,-1.1323306560516355,5,0.5041487693786622,1.9964969158172607,3.7636469841003417,6.8637566566467285
EPHB2_HUMAN,24,V5E,5,-3.710088090287722,-9.045631408691406,-2.0969882011413574,5,0.24577345848083496,0.6343958377838135,3.7768234729766847,6.567841529846191
EPHB2_HUMAN,24,V5Q,5,-3.736649712859872,-9.003265380859375,-0.8714228868484497,5,0.4563944339752197,1.7455822229385376,3.6008012294769287,6.370553016662598
EPHB2_HUMAN,24,W8D,8,-3.8981900685974855,-13.813961029052734,-0.2958674430847168,5,0.23868389129638667,0.7538981437683105,4.3264881610870365,8.669363975524902
EPHB2_HUMAN,24,W8E,8,-4.540056957774155,-13.016754150390623,0.0432753562927246,5,0.20260176658630372,0.666100025177002,4.451647424697876,8.469121932983398
EPHB2_HUMAN,24,W8G,8,-5.292036790943972,-10.42317008972168,0.5759739875793457,5,0.2626796722412109,1.180225849151611,3.8556867361068727,8.75046443939209
EPHB2_HUMAN,24,W8K,8,-3.8436140594335466,-11.875879287719728,0.1798267364501953,5,0.33494081497192385,1.4669995307922363,4.4566330194473265,8.806468963623047
EPHB2_HUMAN,24,W8N,8,-3.734588088486938,-12.289258003234863,0.3840460777282715,5,0.38080105781555174,1.413036823272705,4.1319225311279295,8.83730697631836
EPHB2_HUMAN,24,W8Q,8,-3.9017477519716586,-11.45148754119873,1.798374891281128,5,0.4391949653625488,1.5338678359985352,4.06897120475769,8.593228340148926
EPHB2_HUMAN,24,W8R,8,-4.053639760570568,-9.109515190124512,0.6848962306976318,5,0.2904586315155029,1.1921536922454834,3.7147344827651976,8.079817771911621
EPHB2_HUMAN,24,W8S,8,-4.014671649604425,-9.989091873168944,0.9781055450439452,5,0.38689227104187013,1.0324430465698242,3.9058335781097413,8.952905654907227
EPHB2_HUMAN,24,W8T,8,-3.956940005942273,-10.619141578674316,1.297532558441162,5,0.2582787036895752,0.6902263164520264,4.612621402740478,9.1302490234375
PR40A_HUMAN,8,A32E,32,-3.0568956706362003,-5.420107841491699,0.2236912250518798,5,0.5216884136199951,2.423497676849365,5.39641170501709,9.870688438415527
PR40A_HUMAN,8,A32H,32,-3.016077217871332,-7.800461292266846,-4.257996559143066,5,0.511384105682373,2.3754777908325195,5.774858474731445,10.67588996887207
PR40A_HUMAN,8,D39P,39,-3.165889301817188,-14.257695198059082,-1.795629382133484,5,1.9413312673568726,2.7913286685943604,7.374016761779785,10.471758842468262
PR40A_HUMAN,8,I36E,36,-3.206994749578357,-10.487829208374023,0.8423948287963867,5,0.5082947254180908,1.2023675441741943,5.494418907165527,10.389122009277344
PR40A_HUMAN,8,I36N,36,-3.141646159498929,-8.82321548461914,-0.2863564491271972,5,1.1910341262817383,5.155066013336182,4.7300928115844725,7.482025623321533
PR40A_HUMAN,8,L17P,17,-3.166047624715453,-7.139314651489258,1.0916627645492554,5,1.1485161304473877,2.466562867164612,6.105584907531738,9.996307373046877
PR40A_HUMAN,8,L17R,17,-3.114447735065537,-7.415896892547607,-0.1959500312805175,5,0.35829615592956543,1.011747121810913,5.111752462387085,9.093369483947754
PR40A_HUMAN,8,L18S,18,-3.094241660251023,-7.499711513519287,-2.575972557067871,5,0.6219450473785401,1.4276490211486816,5.437214136123657,9.673225402832031
PR40A_HUMAN,12,A32E,32,-3.0568956706362003,-5.420107841491699,-7.443386554718018,5,1.1912155151367188,2.4644694328308105,3.7967405319213867,6.303194522857666
PR40A_HUMAN,12,A32H,32,-3.016077217871332,-7.800461292266846,-9.023959159851074,5,0.9431432723999024,2.3826327323913574,2.914211559295654,5.32181453704834
PR40A_HUMAN,12,D39P,39,-3.165889301817188,-14.257695198059082,-3.0838770866394043,5,1.4247560977935791,3.065830707550049,4.644406938552857,6.690865516662598
PR40A_HUMAN,12,I36E,36,-3.206994749578357,-10.487829208374023,3.1802291870117188,5,0.47025699615478517,1.1610136032104492,3.8431938171386717,6.234829902648926
PR40A_HUMAN,12,I36N,36,-3.141646159498929,-8.82321548461914,1.576582908630371,5,1.652581024169922,6.947805404663086,3.8268701076507567,5.342142105102539
PR40A_HUMAN,12,L17P,17,-3.166047624715453,-7.139314651489258,-6.56248140335083,5,2.599927377700806,9.568047523498535,3.4689393043518066,7.074981689453125
PR40A_HUMAN,12,L17R,17,-3.114447735065537,-7.415896892547607,-7.236873149871826,5,2.768267107009888,6.920015096664429,3.923268270492554,6.554999828338623
PR40A_HUMAN,12,L18S,18,-3.094241660251023,-7.499711513519287,-8.688145637512207,5,2.7146183967590334,6.01760196685791,3.6392956256866453,6.877922058105469
PR40A_HUMAN,16,A32E,32,-3.0568956706362003,-5.420107841491699,-7.9909234046936035,5,2.1745574951171873,6.341565132141113,2.7091254234313964,4.781259059906006
PR40A_HUMAN,16,A32H,32,-3.016077217871332,-7.800461292266846,-10.104331016540527,5,2.627058506011963,7.947001934051514,2.6471436500549315,4.452275276184082
PR40A_HUMAN,16,D39P,39,-3.165889301817188,-14.257695198059082,0.7981171607971191,5,2.1697481632232667,5.532527923583984,3.525648593902588,5.895021915435791
PR40A_HUMAN,16,I36E,36,-3.206994749578357,-10.487829208374023,-4.408787727355957,5,1.0872344493865966,3.944025993347168,3.315337085723877,5.7250847816467285
PR40A_HUMAN,16,I36N,36,-3.141646159498929,-8.82321548461914,-0.6930944919586182,5,0.6839806318283081,1.8922221660614011,3.2083717823028564,4.248034477233887
PR40A_HUMAN,16,L17P,17,-3.166047624715453,-7.139314651489258,-9.045160293579102,5,1.5808260917663575,7.904130458831787,2.6218998193740846,5.265806198120117
PR40A_HUMAN,16,L17R,17,-3.114447735065537,-7.415896892547607,-6.800813674926758,5,2.465229296684265,8.424349665641785,3.1570910930633547,5.286760330200195
PR40A_HUMAN,16,L18S,18,-3.094241660251023,-7.499711513519287,-9.126978874206545,5,2.0146711349487303,7.156682968139648,2.969447875022888,5.517277240753174
PR40A_HUMAN,20,A32E,32,-3.0568956706362003,-5.420107841491699,-3.040615558624268,5,0.8487171173095703,2.7248125076293945,2.596408462524414,4.02675724029541
PR40A_HUMAN,20,A32H,32,-3.016077217871332,-7.800461292266846,-0.9876821041107178,5,1.7996722221374513,4.779159307479858,2.7408907890319822,4.285653114318848
PR40A_HUMAN,20,D39P,39,-3.165889301817188,-14.257695198059082,-0.8289387226104736,5,1.2128832817077637,2.3962247371673584,4.3777087211608885,5.980515480041504
PR40A_HUMAN,20,I36E,36,-3.206994749578357,-10.487829208374023,-6.258270740509033,5,2.3037270069122315,7.378800868988037,3.14318904876709,5.499772548675537
PR40A_HUMAN,20,I36N,36,-3.141646159498929,-8.82321548461914,-1.6717010736465454,5,0.7988665103912354,3.088393807411194,2.977938508987427,4.273092269897461
PR40A_HUMAN,20,L17P,17,-3.166047624715453,-7.139314651489258,-6.841565608978272,5,1.4052711248397827,6.399559855461121,2.885820913314819,5.68459415435791
PR40A_HUMAN,20,L17R,17,-3.114447735065537,-7.415896892547607,-8.07648754119873,5,2.781818127632141,8.016770958900452,3.589307355880737,5.402388095855713
PR40A_HUMAN,20,L18S,18,-3.094241660251023,-7.499711513519287,-8.564552307128906,5,2.4322118282318117,7.9514429569244385,3.3469565868377686,5.635349750518799
PR40A_HUMAN,24,A32E,32,-3.0568956706362003,-5.420107841491699,-2.41392183303833,5,0.8586102485656738,2.2982969284057617,3.1588390350341795,5.607676029205322
PR40A_HUMAN,24,A32H,32,-3.016077217871332,-7.800461292266846,-1.9256612062454224,5,1.2253272056579587,3.682227611541748,3.684210753440857,6.7311553955078125
PR40A_HUMAN,24,D39P,39,-3.165889301817188,-14.257695198059082,-1.833160400390625,5,0.47015416622161865,1.3365373611450195,4.195853137969971,6.189416885375977
PR40A_HUMAN,24,I36E,36,-3.206994749578357,-10.487829208374023,-1.8389019966125488,5,0.43840818405151366,1.1194965839385986,3.9896171569824217,6.349194526672363
PR40A_HUMAN,24,I36N,36,-3.141646159498929,-8.82321548461914,-0.8737423419952393,5,0.16694812774658202,0.8347406387329102,2.91098268032074,4.48513650894165
PR40A_HUMAN,24,L17P,17,-3.166047624715453,-7.139314651489258,-1.8781641721725464,5,0.3428028345108032,1.714014172554016,2.998620843887329,7.1392903327941895
PR40A_HUMAN,24,L17R,17,-3.114447735065537,-7.415896892547607,-2.276492118835449,5,0.5270292043685914,2.048561811447144,3.589147138595581,6.8059186935424805
PR40A_HUMAN,24,L18S,18,-3.094241660251023,-7.499711513519287,-1.627503752708435,5,0.4985379695892334,1.2922664880752563,3.491663408279419,6.5584917068481445
