protein,layer,control_type,n_rows,n_mutations,n_seeds,mean_abs_score_change,std_abs_score_change,median_abs_score_change,q25_abs_score_change,q75_abs_score_change,mean_abs_feature_delta,std_abs_feature_delta,abs_delta_score_corr
DNJA1_HUMAN,8,noop,250,50,1,0.0,0.0,0.0,0.0,0.0,4.993430847644806,2.751050059565867,
DNJA1_HUMAN,8,random,250,50,1,9.5367431640625e-08,1.507891492923917e-06,0.0,0.0,0.0,0.0002105470821261067,0.00016238613128623938,0.05126804376937298
DNJA1_HUMAN,8,real,250,50,1,1.1285435676574707,1.79503536566517,0.21095228195190424,0.0,1.5810871720314026,4.993430847644806,2.751050059565867,0.6174190055518399
DNJA1_HUMAN,12,noop,250,50,1,0.0,0.0,0.0,0.0,0.0,3.7149934413433074,2.031549714485086,
DNJA1_HUMAN,12,random,250,50,1,4.520416259765625e-07,5.447043017714907e-06,0.0,0.0,0.0,0.0001552128270268144,0.0001143793449367427,-0.02441991525396202
DNJA1_HUMAN,12,real,250,50,1,1.8598193008899688,2.230394287784408,0.9184636771678925,0.0,3.396724283695221,3.7149934413433074,2.031549714485086,0.7462499916588653
DNJA1_HUMAN,16,noop,250,50,1,0.0,0.0,0.0,0.0,0.0,3.8838479809761046,2.0599577616884126,
DNJA1_HUMAN,16,random,250,50,1,1.18255615234375e-07,1.1162897064593798e-06,0.0,0.0,0.0,0.00017885580658909614,0.00016271747261457567,-0.03206095128934411
DNJA1_HUMAN,16,real,250,50,1,2.711484218835831,3.761014186412578,0.54288649559021,0.0,4.086122035980225,3.8838479809761046,2.0599577616884126,0.8053345692771697
DNJA1_HUMAN,20,noop,250,50,1,0.0,0.0,0.0,0.0,0.0,3.356643408536911,1.9593185894244338,
DNJA1_HUMAN,20,random,250,50,1,3.814697265625e-09,6.03156597169567e-08,0.0,0.0,0.0,0.00017321629822251292,0.00014436263066079194,-0.05186106338757789
DNJA1_HUMAN,20,real,250,50,1,1.6522298288345336,2.6196606782984078,0.0,0.0,2.5601614713668823,3.356643408536911,1.9593185894244338,0.8152988953862949
DNJA1_HUMAN,24,noop,250,50,1,0.0,0.0,0.0,0.0,0.0,3.6139159317016603,2.3523742249818667,
DNJA1_HUMAN,24,random,250,50,1,1.239776611328125e-07,1.614942716521003e-06,0.0,0.0,0.0,0.00021337940543886372,0.00016480033226877385,-0.005015451513116506
DNJA1_HUMAN,24,real,250,50,1,0.8056590099334717,1.2861994022501677,0.0,0.0,1.4086920022964478,3.6139159317016603,2.3523742249818667,0.8301093172174926
EPHB2_HUMAN,8,noop,250,50,1,0.0,0.0,0.0,0.0,0.0,6.332611539840698,3.328751968533653,
EPHB2_HUMAN,8,random,250,50,1,0.0,0.0,0.0,0.0,0.0,0.0003204521760344097,0.00024981824423685075,
EPHB2_HUMAN,8,real,250,50,1,1.023704294681549,1.2710475586552996,0.48095774650573725,0.0,1.6285374760627747,6.332611539840698,3.328751968533653,0.48174821630086706
EPHB2_HUMAN,12,noop,250,50,1,0.0,0.0,0.0,0.0,0.0,4.081792979717255,2.1753163226150543,
EPHB2_HUMAN,12,random,250,50,1,0.0,0.0,0.0,0.0,0.0,0.00020017509162422305,0.00014377940504363881,
EPHB2_HUMAN,12,real,250,50,1,1.3709419429302216,1.8960087024078216,0.4973338842391968,0.0,1.88668954372406,4.081792979717255,2.1753163226150543,0.6558685384130454
EPHB2_HUMAN,16,noop,250,50,1,0.0,0.0,0.0,0.0,0.0,4.037382287979126,2.415345978872601,
EPHB2_HUMAN,16,random,250,50,1,1.3399124145507814e-07,2.1185875475581034e-06,0.0,0.0,0.0,0.00021485534310337483,0.00016947973094101772,-0.0292256807254585
EPHB2_HUMAN,16,real,250,50,1,1.9043328247070312,3.276781698936278,0.0,0.0,2.282742738723755,4.037382287979126,2.415345978872601,0.6652617099042362
EPHB2_HUMAN,20,noop,250,50,1,0.0,0.0,0.0,0.0,0.0,3.628564815044403,2.1855849993663377,
EPHB2_HUMAN,20,random,250,50,1,4.9591064453125e-08,7.84103576320437e-07,0.0,0.0,0.0,0.00020422218739982696,0.0001571265094579732,0.0796282913204248
EPHB2_HUMAN,20,real,250,50,1,1.8853890397548676,3.134559184442683,0.0,0.0,3.0451489686965942,3.628564815044403,2.1855849993663377,0.7690264519130839
EPHB2_HUMAN,24,noop,250,50,1,0.0,0.0,0.0,0.0,0.0,3.7959284148216246,2.4470810848250864,
EPHB2_HUMAN,24,random,250,50,1,2.86102294921875e-08,4.5236744787717517e-07,0.0,0.0,0.0,0.00021220623701807386,0.0001433395468688091,0.07329396750832487
EPHB2_HUMAN,24,real,250,50,1,0.6116783909797668,1.072176989464849,0.0,0.0,0.924021303653717,3.7959284148216246,2.4470810848250864,0.6230402484709666
PR40A_HUMAN,8,noop,40,8,1,0.0,0.0,0.0,0.0,0.0,5.6780437707901,2.8014247478820113,
PR40A_HUMAN,8,random,40,8,1,0.0,0.0,0.0,0.0,0.0,0.0003403597511350764,0.00023750538103946089,
PR40A_HUMAN,8,real,40,8,1,0.8503112465143203,1.132592639724202,0.4003525376319885,0.0,1.1685530245304108,5.6780437707901,2.8014247478820113,0.45947922734933655
PR40A_HUMAN,12,noop,40,8,1,0.0,0.0,0.0,0.0,0.0,3.7571157693862913,1.7238425407250053,
PR40A_HUMAN,12,random,40,8,1,0.0,0.0,0.0,0.0,0.0,0.00021878979168828112,0.00012609570834024624,
PR40A_HUMAN,12,real,40,8,1,1.7205957233905793,2.245556025703516,0.7762153148651123,0.082703948020935,2.4013179540634155,3.7571157693862913,1.7238425407250053,0.6626843547988438
PR40A_HUMAN,16,noop,40,8,1,0.0,0.0,0.0,0.0,0.0,3.019258165359497,1.5811181574317232,
PR40A_HUMAN,16,random,40,8,1,0.0,0.0,0.0,0.0,0.0,0.0001847157254814772,0.00016250736043840375,
PR40A_HUMAN,16,real,40,8,1,1.8504132211208344,2.716595688019361,0.0,0.0,3.627113938331604,3.019258165359497,1.5811181574317232,0.7410739377440064
PR40A_HUMAN,20,noop,40,8,1,0.0,0.0,0.0,0.0,0.0,3.207277548313141,1.443434662481654,
PR40A_HUMAN,20,random,40,8,1,0.0,0.0,0.0,0.0,0.0,0.00029947198927399345,0.0002580601147700279,
PR40A_HUMAN,20,real,40,8,1,1.6978959023952485,2.4447724872807193,0.3289108276367187,0.0,2.4823688864707947,3.207277548313141,1.443434662481654,0.7234591273390455
PR40A_HUMAN,24,noop,40,8,1,0.0,0.0,0.0,0.0,0.0,3.502366769313812,1.8483882422490279,
PR40A_HUMAN,24,random,40,8,1,2.503395080566406e-07,1.583286067570113e-06,0.0,0.0,0.0,0.00033052228391166206,0.00019625142745632618,0.1963596964799533
PR40A_HUMAN,24,real,40,8,1,0.5659772425889968,0.8873027089685169,0.0,0.0,1.0842823982238767,3.502366769313812,1.8483882422490279,0.8264976339696068
